"","hour","station","SO2_1","CO_6","NO_7","NO2_8","PM2.5_9","PM10_10","O3_14","TOL_20","BEN_30","EBE_35","TCH_42","NMHC_44"
"1",1,28079004,5.71826484018265,0.425744388456253,43.3251141552511,49.5164383561644,0,0,0,0,0,0,0,0
"2",1,28079008,8.34285714285714,0.424838709677419,32.7204797047971,58.4026752767528,13.9779962546816,24.0494454713494,31.4578535237218,4.56752941176471,1.01439182915506,1.17114937180084,1.52395286195286,0.208270524899058
"3",1,28079011,0,0,22.6674280493376,44.1228871630882,0,0,0,5.30088126159555,1.85641969627243,1.11400921658986,0,0
"4",1,28079016,0,0.350389729481889,17.7198354661792,42.9159049360146,0,0,39.2170932358318,0,0,0,0,0
"5",1,28079017,6.75251601097896,0,52.9401279707495,51.4885740402194,0,0,32,0,0,0,0,0
"6",1,28079018,4.20092378752887,0.406549815498155,22.0036985668054,42.9218677762367,0,21.2935438922434,37.3164206642066,2.30470145745181,0.403185011709602,0.437910028116214,0,0
"7",1,28079024,2.75333027101516,0.273238139106403,11.895632183908,29.9466666666667,9.97975149562816,17.9888785912882,44.8892463235294,1.34084778420039,0.451664254703328,0.492540904716073,1.32128217126813,0.170870379036032
"8",1,28079027,0,0,16.4669100867184,41.8909173893199,0,0,38.0767824497258,0,0,0,1.38939862542955,0.189579037800687
"9",1,28079035,7.01212686567164,0.436577490774908,29.8589921405455,50.5968562182154,0,0,34.9990766389658,0,0,0,0,0
"10",1,28079036,6.63485477178423,0.337459584295612,19.6274781005071,41.830336560627,0,22.6992585727525,0,0,0,0,0,0
"11",1,28079038,4.18975765889346,0,31.3557384545039,47.188385916781,12.4294990723562,21.1072410632447,0,4.36139032409582,0.698737137511693,0.870330188679245,0,0
"12",1,28079039,0,0.411446886446886,36.936928702011,48.6170018281536,0,0,40.4977168949772,0,0,0,0,0
"13",1,28079040,4.64832645575424,0,18.2243119266055,45.451376146789,0,21.0937211449677,0,0,0,0,0,0
"14",1,28079047,0,0,30.0461187214612,46.2698630136986,12.8136217211229,22.0622710622711,0,0,0,0,0,0
"15",1,28079048,0,0,15.9042163153071,42.1237396883593,11.1363422661025,21.1831706183171,0,0,0,0,0,0
"16",1,28079049,0,0,22.4185727355901,36.9167429094236,0,0,37.5892857142857,0,0,0,0,0
"17",1,28079050,0,0,21.0686813186813,44.8864468864469,10.7306238185255,20.1299672744273,0,0,0,0,0,0
"18",1,28079054,0,0,24.4663923182442,42.6268861454047,0,0,42.3484640073361,0,0,0,0,0
"19",1,28079055,0,0,24.4196347031963,50.4365296803653,0,21.6588613406795,0,2.64310344827586,0.660755667506297,0.669168765743073,1.50818937644342,0.258133086876155
"20",1,28079056,0,0.465135507579237,46.4834558823529,61.7964154411765,0,0,30.7414903403864,0,0,0,0,0
"21",1,28079057,7.18455915943353,0.31790293040293,13.5744292237443,37.427397260274,0,21.0712654179991,0,0,0,0,0,0
"22",1,28079058,0,0,3.39074667888227,17.6555199267064,0,0,42.0857404860156,0,0,0,1.61870669745958,0.310993071593534
"23",1,28079059,0,0,11.6730769230769,27.2065018315018,0,0,45.6116460339294,0,0,0,0,0
"24",1,28079060,0,0,12.6750342309448,36.2341396622547,0,19.9949656750572,49.4394147233653,0,0,0,0,0
"25",2,28079004,5.45251141552511,0.37915712322492,38.7181361352216,43.035175879397,0,0,0,0,0,0,0,0
"26",2,28079008,7.90004606172271,0.365914325195762,26.496081143384,50.1129552789304,12.2240411599626,21.4794457274827,33.4042357274401,4.10349221330816,0.830190431955411,1.0153165735568,1.51095494283793,0.187182246133154
"27",2,28079011,0,0,14.5993604385564,35.1585198720877,0,0,0,4.77148817802503,1.56637574644006,0.925678785089738,0,0
"28",2,28079016,0,0.304034846400734,12.2033820840951,35.6106032906764,0,0,40.7421124828532,0,0,0,0,0
"29",2,28079017,6.49244851258581,0,43.8610603290676,43.6997257769653,0,0,33.3754015603488,0,0,0,0,0
"30",2,28079018,4.05588914549654,0.372693726937269,19.1091077207582,37.2343966712899,0,19.0320037105751,37.7864391143911,2.04223690420009,0.338097469540769,0.417299578059072,0,0
"31",2,28079024,2.69527306103717,0.266774045098942,10.8447404685347,26.5094166283877,9.4949402023919,17.0722891566265,44.2324299494718,1.37327544621322,0.440279787747226,0.491903614457831,1.32644829199813,0.170088909686476
"32",2,28079027,0,0,14.0506617982656,35.0963030579644,0,0,39.0635283363803,0,0,0,1.38611683848797,0.185489690721649
"33",2,28079035,6.53693444136657,0.369866174434702,25.0494226327945,44.4110854503464,0,0,36.5932594644506,0,0,0,0,0
"34",2,28079036,5.78321033210332,0.29413123844732,14.7578413284133,35.1941881918819,0,20.477030162413,0,0,0,0,0,0
"35",2,28079038,3.78774016468435,0,22.1989935956084,38.8366880146386,10.6350974930362,18.4030261348006,0,3.57803847958705,0.496401869158879,0.733883129123468,0,0
"36",2,28079039,0,0.331501831501831,23.1960694698355,38.353747714808,0,0,43.2305936073059,0,0,0,0,0
"37",2,28079040,4.46950939935809,0,14.0967889908257,38.9738532110092,0,19.3301104972376,0,0,0,0,0,0
"38",2,28079047,0,0,23.1936957514847,39.6564641388762,11.4855039116429,19.8563586459286,0,0,0,0,0,0
"39",2,28079048,0,0,11.6992205410362,35.4021091242549,9.9590780809031,19.5151374010247,0,0,0,0,0,0
"40",2,28079049,0,0,19.1838975297347,32.8316559926807,0,0,37.7108874656908,0,0,0,0,0
"41",2,28079050,0,0,14.0384791571232,36.1786532295007,9.48653755314124,17.9939195509822,0,0,0,0,0,0
"42",2,28079054,0,0,18.6488340192044,36.1504343850023,0,0,43.2432308398348,0,0,0,0,0
"43",2,28079055,0,0,19.0607028753994,42.8119580100411,0,19.2926045016077,0,2.28076335877863,0.551360887096774,0.610237014624307,1.5126247689464,0.254376155268022
"44",2,28079056,0,0.405330882352941,33.536091954023,51.528275862069,0,0,33.0506212609296,0,0,0,0,0
"45",2,28079057,7.03879507074395,0.28166819431714,8.91959798994975,29.9657377798081,0,18.9652491998171,0,0,0,0,0,0
"46",2,28079058,0,0,3.07152682255846,14.7501146263182,0,0,41.4447501146263,0,0,0,1.62282407407407,0.310138888888889
"47",2,28079059,0,0,9.21932234432234,22.9093406593407,0,0,46.0549954170486,0,0,0,0,0
"48",2,28079060,0,0,9.08854404381561,30.1277955271566,0,17.9575148469621,51.0607861060329,0,0,0,0,0
"49",3,28079004,5.12997711670481,0.330670339761249,31.8155606407323,37.2022883295194,0,0,0,0,0,0,0,0
"50",3,28079008,7.46906740535549,0.313619575253924,19.6700554528651,42.4071164510166,10.8939465039887,19.0579240037071,36.1416705122289,3.56111373289287,0.646582984658298,0.872380065207266,1.49070033670034,0.16823569023569
"51",3,28079011,0,0,10.2628205128205,28.3873626373626,0,0,0,4.1957635009311,1.28981566820277,0.76073732718894,0,0
"52",3,28079016,0,0.274885004599816,8.86617781851512,29.6200733272227,0,0,42.3052245646196,0,0,0,0,0
"53",3,28079017,6.27765029830197,0,37.3313473877177,37.9220898258478,0,0,33.7263109475621,0,0,0,0,0
"54",3,28079018,3.88466882816119,0.34835876098012,15.7264719517849,32.3898933704219,0,16.7254993032977,38.1077207582062,1.88185273159145,0.294454887218045,0.401835294117647,0,0
"55",3,28079024,2.62988505747126,0.257399723374827,9.31477220432582,23.2135296824666,8.98433901427913,15.9215413184773,43.9038638454462,1.38751814223512,0.426425120772947,0.493915982617093,1.33146341463415,0.169629455909944
"56",3,28079027,0,0,8.81976212259835,27.795516925892,0,0,41.518094365552,0,0,0,1.38969879518072,0.183872633390706
"57",3,28079035,6.25913928736696,0.324421831637373,21.0824074074074,38.7101851851852,0,0,38.2452568255437,0,0,0,0,0
"58",3,28079036,5.2122052704577,0.259657248726262,11.1904761904762,28.7919556171983,0,18.1628664495114,0,0,0,0,0,0
"59",3,28079038,3.50939935809262,0,16.2120934493816,32.5038937242327,9.51696885169689,16.7599816429555,0,2.92983529411765,0.381647940074906,0.622053951727402,0,0
"60",3,28079039,0,0.284212941716384,15.3060009161704,30.8382959230417,0,0,45.2517162471396,0,0,0,0,0
"61",3,28079040,4.25735294117647,0,9.9935632183908,32.4891954022988,0,17.4071000461042,0,0,0,0,0,0
"62",3,28079047,0,0,19.0879120879121,34.4010989010989,10.4576036866359,17.9931255728689,0,0,0,0,0,0
"63",3,28079048,0,0,8.93149425287356,29.4055172413793,9.04761904761905,18.0531964535698,0,0,0,0,0,0
"64",3,28079049,0,0,16.188904172398,29.5057313159101,0,0,37.7657038055938,0,0,0,0,0
"65",3,28079050,0,0,10.1557188791915,29.4882866329812,8.60918995736618,16.3064667291471,0,0,0,0,0,0
"66",3,28079054,0,0,15.2007332722273,31.0921173235564,0,0,43.8445977011494,0,0,0,0,0
"67",3,28079055,0,0,13.5256175663312,35.3101555352242,0,16.4560515416475,0,2.09376278118609,0.459858442871587,0.57753036437247,1.51645775301764,0.253867223769731
"68",3,28079056,0,0.362736066328881,26.9460829493088,44.315668202765,0,0,34.4035977859779,0,0,0,0,0
"69",3,28079057,6.96475972540046,0.260358291226458,6.45009157509157,24.6552197802198,0,16.4070512820513,0,0,0,0,0,0
"70",3,28079058,0,0,2.75505514705882,12.5473345588235,0,0,40.5149288011024,0,0,0,1.62833718244804,0.309445727482679
"71",3,28079059,0,0,7.62522935779817,18.655504587156,0,0,47.4256198347107,0,0,0,0,0
"72",3,28079060,0,0,6.62151029748284,25.6013729977117,0,15.8315018315018,52.0201557489693,0,0,0,0,0
"73",4,28079004,4.8703196347032,0.295098488318827,26.1850159890361,32.2115121059845,0,0,0,0,0,0,0,0
"74",4,28079008,7.20405343159834,0.282019363762102,15.7740894421392,37.0806823420931,9.86155285313377,17.4121996303142,37.7508060801474,3.20974117647059,0.524096385542169,0.785621521335807,1.48533288500336,0.161741761936785
"75",4,28079011,0,0,7.73628884826325,23.8158135283364,0,0,0,3.88143851508121,1.11918311151905,0.664646464646465,0,0
"76",4,28079016,0,0.257247706422018,7.0936928702011,25.5283363802559,0,0,43.0388482632541,0,0,0,0,0
"77",4,28079017,6.10586617781852,0,31.9821591948765,33.5937785910339,0,0,33.6830500689022,0,0,0,0,0
"78",4,28079018,3.74075785582255,0.32679889298893,12.3695652173913,28.3071230342276,0,15.2537037037037,38.4252767527675,1.74609523809524,0.26618130577736,0.394595864661654,0,0
"79",4,28079024,2.57648139641709,0.249101796407186,7.99816091954023,20.3425287356322,8.53821362799263,14.9267161410019,43.3340992647059,1.37237542331882,0.415410628019324,0.498744567841622,1.33144934333959,0.168133208255159
"80",4,28079027,0,0,5.66499315381105,23.7453217708809,0,0,41.8290676416819,0,0,0,1.39033505154639,0.179158075601375
"81",4,28079035,5.99122807017544,0.301153668666359,17.7790106333796,34.4956079519186,0,0,39.2571560480148,0,0,0,0,0
"82",4,28079036,4.79455216989843,0.237372802960222,8.53185595567867,24.8347183748846,0,17.4983773759852,0,0,0,0,0,0
"83",4,28079038,3.33135283363803,0,12.6046617915905,28.3551188299817,8.87488415199259,15.6776556776557,0,2.54717514124294,0.31802895843064,0.565738555922605,0,0
"84",4,28079039,0,0.25716903344022,10.6978976234004,26.2157221206581,0,0,45.8287671232877,0,0,0,0,0
"85",4,28079040,4.08986703347088,0,7.26467889908257,28.3522935779817,0,16.2734375,0,0,0,0,0,0
"86",4,28079047,0,0,15.4547531992687,30.4017367458867,9.69227230910764,16.544373284538,0,0,0,0,0,0
"87",4,28079048,0,0,6.9811753902663,25.4393939393939,8.15811764705882,16.1987895716946,0,0,0,0,0,0
"88",4,28079049,0,0,11.8695652173913,25.6636155606407,0,0,38.3106129917658,0,0,0,0,0
"89",4,28079050,0,0,8.41200733272227,25.5504124656279,8.04444444444444,15.1089803554724,0,0,0,0,0,0
"90",4,28079054,0,0,11.7012808783166,27.247483989021,0,0,44.0114784205693,0,0,0,0,0
"91",4,28079055,0,0,9.99361022364217,31.0876312186216,0,14.6960514233241,0,1.93403275332651,0.400202224469161,0.557359635811836,1.51713358070501,0.249856215213358
"92",4,28079056,0,0.328400735294118,22.864367816092,39.3714942528736,0,0,34.9364933271974,0,0,0,0,0
"93",4,28079057,6.92286627110908,0.247250229147571,4.93056190041115,21.2654179990863,0,15.0429616087751,0,0,0,0,0,0
"94",4,28079058,0,0,2.59238881247134,11.1192113709308,0,0,39.5135259055479,0,0,0,1.63099078341014,0.307995391705069
"95",4,28079059,0,0,5.95695970695971,15.9093406593407,0,0,47.5460797799175,0,0,0,0,0
"96",4,28079060,0,0,4.89315068493151,22.0283105022831,0,14.3404936014625,52.5539305301645,0,0,0,0,0
"97",5,28079004,4.62602739726027,0.266239120476409,20.5812785388128,28.0232876712329,0,0,0,0,0,0,0,0
"98",5,28079008,6.96453247351451,0.260903642231443,12.2826187183034,32.4499769479023,9.29012634534394,15.840573012939,39.4518654997697,3.04983606557377,0.456116774791474,0.731925754060325,1.47665545087483,0.153135935397039
"99",5,28079011,0,0,5.73138419369575,20.4307903152124,0,0,0,3.68478260869565,1.0180816888481,0.603030303030303,0,0
"100",5,28079016,0,0.243001376778339,5.48080438756856,22.7915904936015,0,0,43.0845521023766,0,0,0,0,0
"101",5,28079017,5.97660550458716,0,28.2031107044831,31.1825251601098,0,0,32.7300275482094,0,0,0,0,0
"102",5,28079018,3.62459546925566,0.312090447623443,9.9560388708931,25.2545118000926,0,14.1547729379055,38.4531610521458,1.62528571428571,0.248778195488722,0.405312646920545,0,0
"103",5,28079024,2.52527573529412,0.24073732718894,6.73183072677093,18.1412143514259,8.17834101382488,14.2011147236414,42.4489889705882,1.3649419729207,0.403476581361661,0.486817962337035,1.33313734713076,0.167742238946378
"104",5,28079027,0,0,5.50935645823825,23.9287996348699,0,0,39.5479890310786,0,0,0,1.39828178694158,0.17942439862543
"105",5,28079035,5.84626038781163,0.278587909552377,15.2561257512714,31.6495607951919,0,0,39.5253924284395,0,0,0,0,0
"106",5,28079036,4.51385041551247,0.225531914893617,6.97691597414589,22.7968605724838,0,16.0931849791377,0,0,0,0,0,0
"107",5,28079038,3.22486288848263,0,10.5393053016453,25.5968921389397,8.37146827234831,14.8836463582226,0,2.36523787093735,0.292793635938231,0.522385234264079,0,0
"108",5,28079039,0,0.243950504124656,9.06218564243256,23.8879743941472,0,0,45.2571950662403,0,0,0,0,0
"109",5,28079040,4.01925722145805,0,5.96422018348624,26.2266055045872,0,15.1655933762649,0,0,0,0,0,0
"110",5,28079047,0,0,12.7614259597806,27.5530164533821,9.0459981600736,15.1437070938215,0,0,0,0,0,0
"111",5,28079048,0,0,5.64816513761468,22.1321100917431,7.68894117647059,14.9976733364356,0,0,0,0,0,0
"112",5,28079049,0,0,8.34187643020595,22.324942791762,0,0,39.1294010059442,0,0,0,0,0
"113",5,28079050,0,0,7.13382218148488,23.263061411549,7.7290780141844,14.3634237605239,0,0,0,0,0,0
"114",5,28079054,0,0,10.6870997255261,26.0178408051235,0,0,42.8834327673245,0,0,0,0,0
"115",5,28079055,0,0,10.5164383561644,32.4470319634703,0,13.6239669421488,0,1.74550590652286,0.371037974683544,0.530430379746835,1.52338126159555,0.250431354359926
"116",5,28079056,0,0.306114942528736,18.2152713891444,35.123735050598,0,0,35.7536832412523,0,0,0,0,0
"117",5,28079057,6.88863532633501,0.240421631530706,4.09227957971677,19.3375970762905,0,13.9547945205479,0,0,0,0,0,0
"118",5,28079058,0,0,2.34832491968793,10.0408444240477,0,0,38.6396148555708,0,0,0,1.64221198156682,0.309377880184332
"119",5,28079059,0,0,4.92811355311355,14.3434065934066,0,0,46.9413382218148,0,0,0,0,0
"120",5,28079060,0,0,4.26118721461187,20.1949771689498,0,13.437899543379,51.9862888482633,0,0,0,0,0
"121",6,28079004,4.52694063926941,0.254008245533669,18.9493150684931,26.9351598173516,0,0,0,0,0,0,0,0
"122",6,28079008,6.8650391524643,0.24536652835408,10.7238358690641,31.9359151682803,9.04490177736202,15.5311778290993,38.2252418240442,2.81231917872142,0.411033843300881,0.684361948955917,1.47491251682369,0.147765814266487
"123",6,28079011,0,0,5.282320694381,19.9707629054363,0,0,0,3.51561492399816,0.945825688073395,0.564249655805415,0,0
"124",6,28079016,0,0.240890316659018,5.04890310786106,23.069012797075,0,0,40.9903978052126,0,0,0,0,0
"125",6,28079017,5.90650779101742,0,27.6302059496568,31.6961098398169,0,0,30.248966467616,0,0,0,0,0
"126",6,28079018,3.5771719038817,0.311669741697417,9.35800185013876,24.7548566142461,0,14.066265060241,36.7606088560886,1.49109426811937,0.235727699530516,0.401972757162987,0,0
"127",6,28079024,2.49058337161231,0.234101382488479,5.70344827586207,16.5540229885057,7.99031365313653,13.533240353324,41.4894204231831,1.3284813197477,0.391428571428571,0.484697336561743,1.33538642789821,0.167059377945335
"128",6,28079027,0,0,7.68005476951164,28.1912368781378,0,0,34.7298903107861,0,0,0,1.4116323024055,0.1803264604811
"129",6,28079035,5.74826789838337,0.272853185595568,14.8422026839426,31.1383618695049,0,0,38.5339491916859,0,0,0,0,0
"130",6,28079036,4.42936288088643,0.229324699352451,6.88365650969529,23.1394275161588,0,15.5877437325905,0,0,0,0,0,0
"131",6,28079038,3.20292504570384,0,9.96252285191956,25.5255941499086,8.46342592592593,14.470695970696,0,2.22891396332863,0.267197750702905,0.483577851396119,0,0
"132",6,28079039,0,0.237763519706691,8.45679012345679,23.6273433927755,0,0,43.910004568296,0,0,0,0,0
"133",6,28079040,4.00320953690967,0,5.88990825688073,26.797247706422,0,14.901888530631,0,0,0,0,0,0
"134",6,28079047,0,0,11.3039305301645,27.3953382084095,8.94891854578923,14.7069597069597,0,0,0,0,0,0
"135",6,28079048,0,0,5.05547913801009,21.467216872994,7.73471307619944,14.5807352256864,0,0,0,0,0,0
"136",6,28079049,0,0,6.60750228728271,20.907593778591,0,0,38.5395518975766,0,0,0,0,0
"137",6,28079050,0,0,7.69283746556474,24.0179063360882,7.57737813535258,13.9569489939167,0,0,0,0,0,0
"138",6,28079054,0,0,10.5791399817017,26.2008234217749,0,0,41.1005048187242,0,0,0,0,0
"139",6,28079055,0,0,15.9497716894977,38.9561643835616,0,14.0770995869665,0,1.71545174537988,0.364858012170385,0.51976685250887,1.53806511627907,0.254293023255814
"140",6,28079056,0,0.31015625,19.7540229885057,36.3324137931034,0,0,33.4373271889401,0,0,0,0,0
"141",6,28079057,6.84892743039708,0.236342804766269,3.98629511192325,19.3275468250343,0,13.5383561643836,0,0,0,0,0,0
"142",6,28079058,0,0,2.36576411197797,10.0536943552088,0,0,36.8885321100917,0,0,0,1.64937788018433,0.310783410138249
"143",6,28079059,0,0,4.8040293040293,15.2632783882784,0,0,44.0169569202566,0,0,0,0,0
"144",6,28079060,0,0,4.09132420091324,20.1520547945205,0,13.1872146118721,50.319012797075,0,0,0,0,0
"145",7,28079004,4.77843764275925,0.284967919340055,28.0479671082686,32.1461854728186,0,0,0,0,0,0,0,0
"146",7,28079008,7.02858460119871,0.262701705855233,15.6488232579603,39.7420396862021,9.62746016869728,16.1295097132285,31.4271889400922,2.64918490917559,0.420649651972158,0.661356247097074,1.47658355795148,0.151415094339623
"147",7,28079011,0,0,8.29080932784636,27.360768175583,0,0,0,3.36145689257722,0.922840073529412,0.525563218390805,0,0
"148",7,28079016,0,0.25387792565397,8.49131627056673,31.459323583181,0,0,33.6295111923253,0,0,0,0,0
"149",7,28079017,6.19303071985328,0,37.9056776556777,38.8704212454212,0,0,24.3331803579624,0,0,0,0,0
"150",7,28079018,3.64279112754159,0.340405904059041,11.8593894542091,29.2918593894542,0,14.2203703703704,31.7933579335793,1.4989598108747,0.242957746478873,0.386754344762799,0,0
"151",7,28079024,2.46210381258613,0.229847996315062,4.88965517241379,16.3420689655172,7.85437788018433,13.1648096564531,39.6856617647059,1.28495145631068,0.377788554801164,0.479360465116279,1.33731167608286,0.166026365348399
"152",7,28079027,0,0,18.4924691921497,40.335006846189,0,0,26.1329981718464,0,0,0,1.4185824742268,0.185601374570447
"153",7,28079035,5.88452655889146,0.290073868882733,16.7052290606201,34.819527996298,0,0,34.6249422632794,0,0,0,0,0
"154",7,28079036,4.92240184757506,0.275242943081907,12.3353348729792,30.662817551963,0,16.8858468677494,0,0,0,0,0,0
"155",7,28079038,3.38025594149909,0,13.7513711151737,30.9926873857404,9.11857341361742,15.1460622710623,0,2.19459840300611,0.286704119850187,0.460378250591017,0,0
"156",7,28079039,0,0.261136571952337,13.3008687700046,31.4545038866027,0,0,37.2891731384194,0,0,0,0,0
"157",7,28079040,4.11467889908257,0,9.58467186782928,35.722349701698,0,15.815668202765,0,0,0,0,0,0
"158",7,28079047,0,0,14.3025594149909,33.4113345521024,9.34438305709024,15.4162087912088,0,0,0,0,0,0
"159",7,28079048,0,0,5.89266055045872,26.0844036697248,8.28564705882353,15.3950674732434,0,0,0,0,0,0
"160",7,28079049,0,0,6.0416285452882,23.6427264409881,0,0,34.9492223238792,0,0,0,0,0
"161",7,28079050,0,0,14.2696011004127,33.6203576341128,7.94081439393939,15.2326779026217,0,0,0,0,0,0
"162",7,28079054,0,0,15.6985361390668,33.3279963403477,0,0,34.5502985760221,0,0,0,0,0
"163",7,28079055,0,0,24.8561643835616,48.2812785388128,0,15.4451583295089,0,1.77494866529774,0.402234636871508,0.501828339258507,1.54724603914259,0.259287045666356
"164",7,28079056,0,0.371402298850575,39.42502299908,48.9613615455382,0,0,25.6468692449355,0,0,0,0,0
"165",7,28079057,6.91967138293017,0.248350137488543,5.72681589767017,24.8049337597076,0,13.9168570123344,0,0,0,0,0,0
"166",7,28079058,0,0,3.94085281980743,13.8464007336084,0,0,32.5318953648463,0,0,0,1.66101616628176,0.314849884526559
"167",7,28079059,0,0,6.0774163994503,19.7544663307375,0,0,38.2755616689592,0,0,0,0,0
"168",7,28079060,0,0,5.46185472818639,26.2019186843307,0,13.4933759707629,44.1243712848651,0,0,0,0,0
"169",8,28079004,5.61626313385107,0.394961062757673,53.2983097304705,45.1192325262677,0,0,0,0,0,0,0,0
"170",8,28079008,8.00691244239631,0.347096774193548,37.1954817888428,57.3683725218995,11.4934395501406,19.8714748035136,21.4695852534562,2.89841565703635,0.567084493964717,0.720176662017666,1.5060202020202,0.173690235690236
"171",8,28079011,0,0,20.7687385740402,43.6851005484461,0,0,0,3.55617822691778,1.09398530762167,0.521359669269637,0,0
"172",8,28079016,0,0.343729903536978,22.6200274348422,46.6890717878372,0,0,23.6805301645338,0,0,0,0,0
"173",8,28079017,6.79569399908383,0,58.2910755148741,49.6508009153318,0,0,18.5080312069757,0,0,0,0,0
"174",8,28079018,4.02634011090573,0.413145756457565,22.7526583448914,39.3120665742025,0,17.840593141798,23.9566420664207,1.68392267798208,0.302162670427833,0.377046095954845,0,0
"175",8,28079024,2.48299632352941,0.234163208852006,5.13891444342226,20.7465501379945,8.13047487321346,13.7858801672085,34.3967816091954,1.23009708737864,0.371955361475012,0.474830261881668,1.34265757290687,0.167333019755409
"176",8,28079027,0,0,35.8957952468007,52.3574040219378,0,0,20.6053955189758,0,0,0,1.43627147766323,0.195128865979381
"177",8,28079035,6.43905817174515,0.347553093259464,26.8338732068487,46.0495141138362,0,0,26.3628808864266,0,0,0,0,0
"178",8,28079036,6.15341959334566,0.376111111111111,31.9085027726433,45.1146025878004,0,21.1132776230269,0,0,0,0,0,0
"179",8,28079038,4.25651577503429,0,36.5500685871056,49.493369913123,12.2033426183844,22.3138618451553,0,2.7640169332079,0.422409751523676,0.539338061465721,0,0
"180",8,28079039,0,0.361795693999084,33.8591033851784,48.6697163769442,0,0,26.882084095064,0,0,0,0,0
"181",8,28079040,4.57928505957837,0,22.6559633027523,50.1683486238532,0,19.4264638082065,0,0,0,0,0,0
"182",8,28079047,0,0,29.1691815272062,46.2057613168724,10.6764976958525,18.2022935779817,0,0,0,0,0,0
"183",8,28079048,0,0,15.6547455295736,40.7712058688675,9.42177191328935,18.8391019644528,0,0,0,0,0,0
"184",8,28079049,0,0,9.78133577310155,33.6935041171089,0,0,26.2593778591034,0,0,0,0,0
"185",8,28079050,0,0,32.1907169117647,50.6732536764706,9.54127134724858,18.9892069450962,0,0,0,0,0,0
"186",8,28079054,0,0,33.6270022883295,46.5556064073227,0,0,26.1617647058824,0,0,0,0,0
"187",8,28079055,0,0,47.8811700182815,62.2733089579525,0,19.7029885057471,0,1.9514607893388,0.511908396946565,0.509465648854962,1.57670242537313,0.273913246268657
"188",8,28079056,0,0.490151863782789,70.4811233885819,65.2909760589319,0,0,19.0765329644998,0,0,0,0,0
"189",8,28079057,7.22090369694204,0.29839596700275,14.5404294198264,38.1311100959342,0,16.6698630136986,0,0,0,0,0,0
"190",8,28079058,0,0,13.8161393856029,26.0087116001834,0,0,23.6977491961415,0,0,0,1.67979166666667,0.324189814814815
"191",8,28079059,0,0,15.728021978022,29.4473443223443,0,0,29.7965169569203,0,0,0,0,0
"192",8,28079060,0,0,21.2073059360731,44.3200913242009,0,17.4449520328917,30.7463436928702,0,0,0,0,0
"193",9,28079004,6.54113345521024,0.516452795600367,79.1256281407035,55.0452261306533,0,0,0,0,0,0,0,0
"194",9,28079008,9.1491026231017,0.474459272894616,58.1774193548387,66.2239631336406,13.984983575786,25.7403801576263,19.5697192820985,3.8789375582479,0.981569173630455,0.94381970260223,1.54170485175202,0.200687331536388
"195",9,28079011,0,0,40.2910004568296,55.1749657377798,0,0,0,4.40272265805261,1.6979704797048,0.70327641901246,0,0
"196",9,28079016,0,0.416275862068965,37.6352402745995,53.7400457665904,0,0,21.556927297668,0,0,0,0,0
"197",9,28079017,7.39036697247706,0,77.9427131072411,55.9005499541705,0,0,18.4408651633686,0,0,0,0,0
"198",9,28079018,4.725,0.51622746185853,41.3311718388143,47.0523390458546,0,23.1277287505806,21.8397228637413,2.09578398863098,0.424077578051088,0.391339327969711,0,0
"199",9,28079024,2.68479262672811,0.254642032332563,10.8663594470046,27.2018433179724,8.9749652294854,16.3645297145531,29.8451612903226,1.22035053554041,0.383649635036496,0.480681265206813,1.35362606232295,0.173706326723324
"200",9,28079027,0,0,40.9794144556267,52.0082342177493,0,0,23.2849954254346,0,0,0,1.43493986254296,0.199716494845361
"201",9,28079035,7.77921478060046,0.430776340110906,47.137037037037,55.7125,0,0,22.9561200923788,0,0,0,0,0
"202",9,28079036,8.09519408502773,0.480249768732655,51.7443470235348,54.4896169820028,0,27.1125058112506,0,0,0,0,0,0
"203",9,28079038,5.40439158279963,0,67.5384263494968,63.0827996340348,15.4619312906221,26.7962194559705,0,4.2327521206409,0.796807511737089,0.771882408724514,0,0
"204",9,28079039,0,0.486532295006871,59.7668038408779,59.8472793781436,0,0,24.6468707172225,0,0,0,0,0
"205",9,28079040,5.18953648462598,0,37.5162918770078,56.8884809545663,0,24.2392807745505,0,0,0,0,0,0
"206",9,28079047,0,0,48.506880733945,53.55,13.1207774178621,23.411575562701,0,0,0,0,0,0
"207",9,28079048,0,0,29.7236480293309,50.2529789184235,11.8539007092199,23.7926310817194,0,0,0,0,0,0
"208",9,28079049,0,0,22.5235913879982,43.1209344938159,0,0,21.0841720036597,0,0,0,0,0
"209",9,28079050,0,0,47.0248275862069,57.9825287356322,11.162072243346,23.1300469483568,0,0,0,0,0,0
"210",9,28079054,0,0,49.7799174690509,51.4131132508024,0,0,25.973817179605,0,0,0,0,0
"211",9,28079055,0,0,58.0922795797168,64.9538602101416,0,25.8183908045977,0,2.39380757420676,0.741454730417091,0.554781281790437,1.58017265515632,0.283378441437238
"212",9,28079056,0,0.559953917050691,84.8626728110599,70.9608294930876,0,0,19.2559963099631,0,0,0,0,0
"213",9,28079057,7.64856230031949,0.36376546037563,28.5171311100959,46.9620831429877,0,21.8813327247832,0,0,0,0,0,0
"214",9,28079058,0,0,12.7180192572215,23.4369555249885,0,0,26.4577594123049,0,0,0,1.70800925925926,0.337013888888889
"215",9,28079059,0,0,23.7149404216315,32.4954170485793,0,0,30.5307339449541,0,0,0,0,0
"216",9,28079060,0,0,40.1202560585277,54.0260631001372,0,23.4170854271357,29.2319304666057,0,0,0,0,0
"217",10,28079004,7.08953860210142,0.557848970251716,87.2328139321723,57.5403299725023,0,0,0,0,0,0,0,0
"218",10,28079008,9.70260223048327,0.5225,57.8541569902462,63.7203901532745,14.9042452830189,28.9785747554728,24.2019453450672,4.98824653607262,1.28552444233507,1.20950118764846,1.54251861882194,0.207203791469194
"219",10,28079011,0,0,39.8245533669262,51.921667430142,0,0,0,5.21945090739879,2.08766868310842,0.95430432759423,0,0
"220",10,28079016,0,0.392410303587857,35.59047182776,49.0412276683463,0,0,27.9706825469537,0,0,0,0,0
"221",10,28079017,7.23191094619666,0,68.342396313364,53.4138248847926,0,0,24.3855421686747,0,0,0,0,0
"222",10,28079018,5.05635770843037,0.496751740139211,44.5848442584844,47.094839609484,0,26.8646125116713,27.8222737819026,2.59113560134164,0.523253588516746,0.438966012446146,0,0
"223",10,28079024,3.05702364394993,0.285535465924896,19.9611470860315,29.9153561517114,10.2495361781076,19.6588675713617,33.9601113172542,1.37759643916914,0.426297577854671,0.518428853754941,1.36543046357616,0.178935666982025
"224",10,28079027,0,0,33.8641354071363,43.2127172918573,0,0,31.9028859367842,0,0,0,1.41145689655172,0.194956896551724
"225",10,28079035,8.43480278422274,0.459990727862772,56.940548072457,57.9758476544357,0,0,26.0250347705146,0,0,0,0,0
"226",10,28079036,9.02739090064995,0.473828306264501,46.0766016713092,51.7474466109564,0,28.4734636871508,0,0,0,0,0,0
"227",10,28079038,5.72639780018332,0,65.4944903581267,60.8668503213958,16.4969725197951,28.1576036866359,0,5.34317201724964,1.03350835322196,0.981385281385281,0,0
"228",10,28079039,0,0.47749770852429,60.3374598807886,56.0270518110958,0,0,30.8764302059497,0,0,0,0,0
"229",10,28079040,5.38305709023941,0,38.3195020746888,52.7459658828953,0,26.5946196660482,0,0,0,0,0,0
"230",10,28079047,0,0,51.7448180561953,51.6209120221096,14.5778707577871,27.4526462395543,0,0,0,0,0,0
"231",10,28079048,0,0,32.9963167587477,48.6289134438306,12.6244087038789,26.0997647058824,0,0,0,0,0,0
"232",10,28079049,0,0,30.3205895900507,44.2533394748964,0,0,25.4249655805415,0,0,0,0,0
"233",10,28079050,0,0,42.9372404245501,51.9067835717582,11.3943729136862,23.9887005649718,0,0,0,0,0,0
"234",10,28079054,0,0,44.8332565637955,44.6292031321971,0,0,33.8242619926199,0,0,0,0,0
"235",10,28079055,0,0,43.7543458371455,53.7538883806038,0,26.5222988505747,0,2.58921875,0.742546583850932,0.585248447204969,1.54292934019654,0.26974730931212
"236",10,28079056,0,0.539814385150812,80.1502782931354,67.9090909090909,0,0,25.1775918177592,0,0,0,0,0
"237",10,28079057,7.74599542334096,0.358917927556167,30.5894736842105,43.4237986270023,0,25.345995423341,0,0,0,0,0,0
"238",10,28079058,0,0,11.6374080882353,20.4122242647059,0,0,37.3803596127248,0,0,0,1.70241860465116,0.336255813953488
"239",10,28079059,0,0,23.2767816091954,28.6965517241379,0,0,39.0046125461255,0,0,0,0,0
"240",10,28079060,0,0,36.5345221764975,48.6662094192958,0,25.9766697163769,37.1451465201465,0,0,0,0,0
"241",11,28079004,7.00183654729109,0.472543617998163,67.6498161764706,53.1484375,0,0,0,0,0,0,0,0
"242",11,28079008,9.71662763466042,0.437581395348837,46.4960335977601,56.6598226784881,14.2428977272727,27.4761904761905,32.0186828584773,4.87655945419103,1.10398445092323,1.16399416909621,1.51186648501362,0.187356948228883
"243",11,28079011,0,0,33.0524620340543,46.2508053382421,0,0,0,5.260442144873,1.9620253164557,0.943949343339587,0,0
"244",11,28079016,0,0.34454670961804,23.7415215398717,39.8822181484876,0,0,37.913642627469,0,0,0,0,0
"245",11,28079017,6.61093098656786,0,41.3518261673602,43.8719371243643,0,0,33.675462962963,0,0,0,0,0
"246",11,28079018,5.10388394946186,0.443607624360762,35.8968735417639,42.209052729818,0,26.3847958704833,37.7577030812325,2.47660395561987,0.438669238187078,0.440308582449373,0,0
"247",11,28079024,3.42977134857676,0.298880597014925,23.5698974836906,29.9892823858341,10.931659693166,20.9826454033771,43.1717218852077,1.72108945527236,0.476946107784431,0.562044887780549,1.36625353440151,0.181672950047125
"248",11,28079027,0,0,23.6305644791189,33.8393758604865,0,0,43.8290441176471,0,0,0,1.37747395833333,0.186927083333333
"249",11,28079035,8.31232492997199,0.426286509040334,49.3418604651163,54.1660465116279,0,0,33.316426244765,0,0,0,0,0
"250",11,28079036,8.53638059701493,0.390214352283318,31.058987459359,43.2758941012541,0,25.7417094815507,0,0,0,0,0,0
"251",11,28079038,5.52409362092703,0,47.9894252873563,51.0758620689655,15.2139187295656,26.2667281956622,0,4.62714975845411,0.681818181818182,0.849781447304517,0,0
"252",11,28079039,0,0.392880110243454,41.1641379310345,45.2124137931035,0,0,40.3645977011494,0,0,0,0,0
"253",11,28079040,5.06586826347305,0,28.4193995381062,43.4868360277136,0,24.5039443155452,0,0,0,0,0,0
"254",11,28079047,0,0,39.959981600736,44.2644894204232,14.0312937879496,26.4160111059695,0,0,0,0,0,0
"255",11,28079048,0,0,28.0965517241379,43.3324137931034,11.6751893939394,24.8758815232722,0,0,0,0,0,0
"256",11,28079049,0,0,26.039667896679,40.7011070110701,0,0,34.4296911018903,0,0,0,0,0
"257",11,28079050,0,0,34.6744186046512,43.9888372093023,10.766618842659,23.0908230842006,0,0,0,0,0,0
"258",11,28079054,0,0,29.4893617021277,34.2141535615171,0,0,44.8821892393321,0,0,0,0,0
"259",11,28079055,0,0,26.7077772664519,40.5398067188219,0,24.5269213069489,0,2.42365079365079,0.575446898002103,0.567875920084122,1.49433302238806,0.249193097014925
"260",11,28079056,0,0.458657407407407,60.489332096475,59.4271799628943,0,0,34.3995337995338,0,0,0,0,0
"261",11,28079057,7.44837081229922,0.315994500458295,20.6224770642202,34.1009174311927,0,23.406880733945,0,0,0,0,0,0
"262",11,28079058,0,0,9.00460193281178,20.0427979751496,0,0,49.8535120147874,0,0,0,1.65939534883721,0.324116279069767
"263",11,28079059,0,0,17.1703806870938,22.7666975881262,0,0,49.4746864839758,0,0,0,0,0
"264",11,28079060,0,0,21.1470453504352,36.5941365093907,0,23.2455336692625,48.2713107241063,0,0,0,0,0
"265",12,28079004,6.94748963611239,0.401194852941176,46.1277573529412,48.5294117647059,0,0,0,0,0,0,0,0
"266",12,28079008,9.59654850746269,0.387983232417327,36.9752220663862,51.148667601683,13.3358561967833,25.9608026131591,40.2776744186047,4.314,0.90043795620438,1.01689386562804,1.48792658055744,0.17418762746431
"267",12,28079011,0,0,31.1986206896552,45.7026654411765,0,0,0,5.21184272856466,1.84372929484146,0.90686553030303,0,0
"268",12,28079016,0,0.318207024029575,18.4181650530198,34.8547717842324,0,0,47.1813567143516,0,0,0,0,0
"269",12,28079017,6.22592592592593,0,25.3984339014279,35.5877475817596,0,0,43.3371931449745,0,0,0,0,0
"270",12,28079018,5.07414359455655,0.397901119402985,26.0795880149813,36.9742509363296,0,24.4401309635173,47.8820776789892,2.09663906478324,0.359552746718522,0.431566147859922,0,0
"271",12,28079024,3.62249183387774,0.293016759776536,21.1887232059646,28.0918414918415,10.6885780885781,21.2062822315987,52.8882681564246,2.01284495735073,0.508521303258145,0.592280701754386,1.35966603951082,0.181886171213547
"272",12,28079027,0,0,16.5909926470588,27.37758383096,0,0,55.0397045244691,0,0,0,1.33368284228769,0.175927209705373
"273",12,28079035,8.03040224508887,0.39281045751634,37.3007940214853,48.3446987389071,0,0,42.2151543498597,0,0,0,0,0
"274",12,28079036,8.12098650535133,0.331220876048462,22.7427906976744,37.9097674418605,0,22.7990675990676,0,0,0,0,0,0
"275",12,28079038,5.49608114338405,0,41.2013824884793,46.6036866359447,13.807962529274,24.8856088560886,0,4.15452784503632,0.530665380906461,0.714640077821012,0,0
"276",12,28079039,0,0.337390502535731,28.9022591055786,39.108805901337,0,0,48.8891966759003,0,0,0,0,0
"277",12,28079040,4.78630514705882,0,21.2566697332107,36.6297148114075,0,22.9078276980083,0,0,0,0,0,0
"278",12,28079047,0,0,26.6387867647059,36.7748161764706,12.7902552204176,24.5161439114391,0,0,0,0,0,0
"279",12,28079048,0,0,24.4444956241363,40.300783049286,11.0446768060837,23.2672007540057,0,0,0,0,0,0
"280",12,28079049,0,0,18.1421343146274,35.3077276908924,0,0,44.6274149034039,0,0,0,0,0
"281",12,28079050,0,0,31.4639031206334,41.2658286778398,10.4653512993263,22.9079259610821,0,0,0,0,0,0
"282",12,28079054,0,0,20.3123844731978,27.4537892791128,0,0,55.3618299445471,0,0,0,0,0
"283",12,28079055,0,0,18.4197873324087,33.4239482200647,0,21.7668202764977,0,2.19498416050686,0.49685204616999,0.52992125984252,1.45377923292797,0.236880261927035
"284",12,28079056,0,0.394729542302358,43.7526583448914,52.1243643088303,0,0,43.5534969893469,0,0,0,0,0
"285",12,28079057,7.24034926470588,0.29448275862069,15.6210865561694,29.6194201564657,0,20.3788990825688,0,0,0,0,0,0
"286",12,28079058,0,0,7.99583718778908,19.8631530282016,0,0,61.0506035283194,0,0,0,1.61214622641509,0.311933962264151
"287",12,28079059,0,0,12.8921933085502,18.9711895910781,0,0,59.2527881040892,0,0,0,0,0
"288",12,28079060,0,0,14.2909007352941,30.3295036764706,0,19.7213565536205,57.3929889298893,0,0,0,0,0
"289",13,28079004,6.73552570634553,0.355514536225196,33.3070175438597,45.3447161975081,0,0,0,0,0,0,0,0
"290",13,28079008,9.34231305155597,0.368523676880223,32.2398506766216,48.0172574626866,12.713339640492,25.2109192720485,47.6156351791531,4.09798464491363,0.825358851674641,0.974401913875598,1.46961329715061,0.165644504748982
"291",13,28079011,0,0,29.680055401662,46.033702677747,0,0,0,5.32764537654909,1.85030908226343,0.935490009514748,0,0
"292",13,28079016,0,0.31586493987049,16.038656235619,32.7896916705016,0,0,54.706888580675,0,0,0,0,0
"293",13,28079017,5.9612724757953,0,16.3397790055249,29.9447259327499,0,0,52.222427318874,0,0,0,0,0
"294",13,28079018,4.76616682286785,0.360885780885781,18.2551401869159,32.0864485981308,0,22.7019681349578,56.9776119402985,1.79306162057254,0.314057198254968,0.437063953488372,0,0
"295",13,28079024,3.58949325894933,0.269545032497679,15.277494199536,24.4997679814385,10.2841173730787,20.587160262418,61.9202053196454,2.0346,0.502247752247752,0.611888111888112,1.345438761145,0.176546222430784
"296",13,28079027,0,0,12.9728360957643,24.4221915285451,0,0,63.9084604715673,0,0,0,1.30895419187554,0.17009507346586
"297",13,28079035,7.94923148579413,0.361222585160989,28.2202048417132,43.2108938547486,0,0,51.0153917910448,0,0,0,0,0
"298",13,28079036,7.84851301115242,0.299581589958159,18.2422273781903,35.031554524362,0,20.3876980428705,0,0,0,0,0,0
"299",13,28079038,5.42567878508974,0,33.9526871841984,43.4111162149747,12.1486486486486,23.5391705069124,0,3.78766391452161,0.471130519165454,0.67760391198044,0,0
"300",13,28079039,0,0.322647601476015,22.5749884633133,36.1624365482233,0,0,56.2510363887609,0,0,0,0,0
"301",13,28079040,4.62368058742542,0,16.4564220183486,32.3724770642202,0,21.2849884526559,0,0,0,0,0,0
"302",13,28079047,0,0,17.8979405034325,31.0439359267735,11.3635518363552,22.6919540229885,0,0,0,0,0,0
"303",13,28079048,0,0,21.9903359410953,38.826967326277,10.067619047619,22.3040413533835,0,0,0,0,0,0
"304",13,28079049,0,0,14.0510814542108,31.0377358490566,0,0,53.8689052437903,0,0,0,0,0
"305",13,28079050,0,0,30.5299303944316,41.2207792207792,10.429462571977,22.6325757575758,0,0,0,0,0,0
"306",13,28079054,0,0,14.7736720554273,23.0641735918744,0,0,64.5978762696214,0,0,0,0,0
"307",13,28079055,0,0,14.5360110803324,29.3065558633426,0,18.3909426987061,0,2.04608967674661,0.449740932642487,0.517781233799896,1.42320745920746,0.225902097902098
"308",13,28079056,0,0.355422242731887,32.8406874129122,46.6321411983279,0,0,51.7026901669759,0,0,0,0,0
"309",13,28079057,7.05683918669131,0.289006928406467,13.8001845869866,28.3971402214022,0,17.8072510325838,0,0,0,0,0,0
"310",13,28079058,0,0,6.72596377148165,18.8574082675337,0,0,69.3643555141927,0,0,0,1.57551401869159,0.302476635514019
"311",13,28079059,0,0,10.7040483946021,16.9683720930233,0,0,67.1335504885994,0,0,0,0,0
"312",13,28079060,0,0,11.4188505747126,28.1503448275862,0,17.1399082568807,64.7534754402224,0,0,0,0,0
"313",14,28079004,6.31142989356779,0.324803695150115,24.9283071230342,40.9814986123959,0,0,0,0,0,0,0,0
"314",14,28079008,8.97916666666667,0.355401019935095,28.2266604737575,45.5801207617278,12.1277097078228,24.650860065086,54.1202414113278,3.85892175572519,0.773250832936697,0.946549262256069,1.45593898305085,0.161091525423729
"315",14,28079011,0,0,28.3924458774758,45.9760479041916,0,0,0,5.36734985700667,1.8567348881485,0.956244041944709,0,0
"316",14,28079016,0,0.297880184331797,13.8466144633809,30.7111929986181,0,0,61.5212962962963,0,0,0,0,0
"317",14,28079017,5.78581363004172,0,11.5640906987506,26.50994909764,0,0,59.2753488372093,0,0,0,0,0
"318",14,28079018,4.48439683278994,0.333581395348837,12.7390289449113,27.8870214752568,0,21.1004203643157,65.1644091546006,1.48923375363725,0.265746124031008,0.428633720930233,0,0
"319",14,28079024,3.38009259259259,0.245041705282669,10.3036044362292,19.8752310536044,9.34386617100372,19.2406367041199,70.2535996284254,1.79324726911619,0.471974206349206,0.604115022310362,1.31838649155722,0.167087242026266
"320",14,28079027,0,0,10.4075436982521,22.2649494020239,0,0,71.226267281106,0,0,0,1.29671280276817,0.166487889273356
"321",14,28079035,7.62727697337693,0.339008419083255,22.0074626865672,39.239627039627,0,0,58.3300653594771,0,0,0,0,0
"322",14,28079036,7.7877094972067,0.282745825602968,15.6196660482375,33.2119666048238,0,17.9874476987448,0,0,0,0,0,0
"323",14,28079038,5.13552266419982,0,27.6465159206276,40.1047531149054,10.6306685366994,21.9842883548983,0,3.40507419818095,0.416363636363636,0.618050193050193,0,0
"324",14,28079039,0,0.306725011515431,18.2846614463381,33.8171349608475,0,0,62.8687845303867,0,0,0,0,0
"325",14,28079040,4.51846722068329,0,13.0639668660838,29.2994480220791,0,19.75103926097,0,0,0,0,0,0
"326",14,28079047,0,0,12.4079853143644,26.5874254245067,10.3889661566991,21.3126436781609,0,0,0,0,0,0
"327",14,28079048,0,0,19.3088235294118,37.3354779411765,9.40114340161982,21.6321730950141,0,0,0,0,0,0
"328",14,28079049,0,0,10.3927255985267,26.9765193370166,0,0,62.3928242870285,0,0,0,0,0
"329",14,28079050,0,0,30.1277777777778,42.2199074074074,10.2631072631073,22.232159847764,0,0,0,0,0,0
"330",14,28079054,0,0,11.4610778443114,20.1326577614003,0,0,71.9588914549654,0,0,0,0,0
"331",14,28079055,0,0,11.6488725264611,26.4399447768063,0,15.1904981549815,0,1.83714433523021,0.414550128534704,0.504215938303342,1.40874187558032,0.220909935004643
"332",14,28079056,0,0.332578558225508,26.52739090065,43.1415970287837,0,0,58.8874478925428,0,0,0,0,0
"333",14,28079057,6.82895343476256,0.286848177203507,12.5298472929199,27.8871415356152,0,16.0298028427327,0,0,0,0,0,0
"334",14,28079058,0,0,5.77253814147018,17.8673139158576,0,0,75.7452436194896,0,0,0,1.55922716627635,0.298126463700234
"335",14,28079059,0,0,9.15740740740741,15.5270708005553,0,0,73.4421831637373,0,0,0,0,0
"336",14,28079060,0,0,10.0004601932812,26.9746893695352,0,15.2681026581118,71.1736526946108,0,0,0,0,0
"337",15,28079004,5.9825767996332,0.313983440662373,20.2403314917127,37.664364640884,0,0,0,0,0,0,0,0
"338",15,28079008,8.64643188137164,0.360230946882217,25.2168284789644,44.0915395284327,11.7981220657277,23.6050925925926,58.8925428439092,3.6880829015544,0.765428033866416,0.929613935969868,1.43551654287643,0.156671168129642
"339",15,28079011,0,0,26.2926829268293,44.844914864243,0,0,0,5.33856270549554,1.9232427366448,0.999296435272045,0,0
"340",15,28079016,0,0.293847566574839,12.5204222120239,29.5300596603947,0,0,66.0903669724771,0,0,0,0,0
"341",15,28079017,5.6735632183908,0,9.39935661764706,24.5859375,0,0,64.4826949700046,0,0,0,0,0
"342",15,28079018,4.22150139017609,0.317946345975948,9.41048237476809,24.7968460111317,0,19.5006973500697,71.2401483541956,1.26204414587332,0.247171620325983,0.422962607861937,0,0
"343",15,28079024,3.16482504604052,0.230723169046522,7.32058959005067,16.3228926761861,8.50231481481481,17.6354748603352,76.3544070143055,1.44565004887586,0.429325513196481,0.578243902439024,1.29953781512605,0.161591970121382
"344",15,28079027,0,0,8.46480804387568,20.7202925045704,0,0,76.5473684210526,0,0,0,1.29088793103448,0.163577586206897
"345",15,28079035,7.3358036127837,0.329633070134696,17.1248259860789,35.1622624014835,0,0,64.8441860465116,0,0,0,0,0
"346",15,28079036,7.5959315765141,0.276816288755206,13.7555658627087,31.667439703154,0,16.2907570831398,0,0,0,0,0,0
"347",15,28079038,4.76386978450252,0,23.2261467889908,37.2981651376147,9.69902006532898,20.6576036866359,0,3.1443342776204,0.417932987258141,0.587285714285714,0,0
"348",15,28079039,0,0.295908045977011,15.6453541858326,32.0160993560258,0,0,67.9931066176471,0,0,0,0,0
"349",15,28079040,4.39695009242144,0,10.8224169741697,27.0332103321033,0,18.9382203780544,0,0,0,0,0,0
"350",15,28079047,0,0,9.08505747126437,23.2694252873563,9.78611111111111,19.5215794306703,0,0,0,0,0,0
"351",15,28079048,0,0,16.5533578656854,35.7994480220791,8.88799240626483,20.5864168618267,0,0,0,0,0,0
"352",15,28079049,0,0,7.75114995400184,23.5425287356322,0,0,69.1625344352617,0,0,0,0,0
"353",15,28079050,0,0,29.7436606731213,42.9723502304147,10.1825586966938,21.7199621570483,0,0,0,0,0,0
"354",15,28079054,0,0,9.27414903403864,18.0845977011494,0,0,77.3711911357341,0,0,0,0,0
"355",15,28079055,0,0,10.1793577981651,25.443119266055,0,14.246999076639,0,1.66973278520041,0.394742215416029,0.482542113323124,1.40019435446553,0.218412771864877
"356",15,28079056,0,0.332362459546926,23.8030583873957,41.7354031510658,0,0,63.6911627906977,0,0,0,0,0
"357",15,28079057,6.71585701191567,0.282123161764706,11.4061496099128,26.8490133088573,0,15.1395881006865,0,0,0,0,0,0
"358",15,28079058,0,0,5.29595588235294,16.8115808823529,0,0,80.4921586715867,0,0,0,1.55016279069767,0.29506976744186
"359",15,28079059,0,0,7.81454210768523,14.1698113207547,0,0,78.2079299216229,0,0,0,0,0
"360",15,28079060,0,0,8.5127970749543,25.5644424131627,0,14.2409693644262,76.5459136822773,0,0,0,0,0
"361",16,28079004,5.71585198720877,0.293308890925756,16.6080586080586,34.7152014652015,0,0,0,0,0,0,0,0
"362",16,28079008,8.36626838235294,0.332352941176471,21.2291762540267,41.0727105384261,11.789990645463,22.8589921405455,62.6530330882353,3.20102230483271,0.68338747099768,0.829925650557621,1.4178038952317,0.150342511752854
"363",16,28079011,0,0,21.0685871056241,39.9103795153178,0,0,0,4.8109158186864,1.77289935364728,0.87902033271719,0,0
"364",16,28079016,0,0.289194139194139,10.9977148080439,28.491773308958,0,0,68.7382151029748,0,0,0,0,0
"365",16,28079017,5.54300091491308,0,7.58702603928735,22.4454088624943,0,0,68.1379468377635,0,0,0,0,0
"366",16,28079018,4.02912621359223,0.301153668666359,7.13512262841277,22.5654789449329,0,17.6799814212726,75.1719038817006,0.936782690498589,0.221683913452493,0.423894637817498,0,0
"367",16,28079024,3.00275735294118,0.220984813621721,5.54520422212024,14.0022946305645,8.22959889349931,16.8370473537604,80.0552231937414,1.14187951807229,0.394749518304432,0.534857968223399,1.28679665738162,0.157748375116063
"368",16,28079027,0,0,7.46709323583181,20.3404936014625,0,0,79.223491773309,0,0,0,1.28355670103093,0.161254295532646
"369",16,28079035,7.11634349030471,0.307962962962963,13.735674676525,32.2925138632163,0,0,68.7575057736721,0,0,0,0,0
"370",16,28079036,7.41993539455468,0.259076212471132,11.4307479224377,29.0156971375808,0,16.2926149558755,0,0,0,0,0,0
"371",16,28079038,4.39442413162706,0,18.3601462522852,33.0964351005484,9.62017666201767,19.5869664983938,0,2.5715352309846,0.37385834109972,0.50409219190969,0,0
"372",16,28079039,0,0.281301558203483,13.3200549450549,29.5897435897436,0,0,71.7865322950069,0,0,0,0,0
"373",16,28079040,4.24690224873795,0,8.37631941257458,24.5704451583295,0,18.8065407646246,0,0,0,0,0,0
"374",16,28079047,0,0,7.03886602652035,21.3790580704161,9.6537037037037,18.9224414869206,0,0,0,0,0,0
"375",16,28079048,0,0,13.3437213565536,32.5650779101742,8.65401044138586,19.4152621722846,0,0,0,0,0,0
"376",16,28079049,0,0,6.08482347546997,21.2099954149473,0,0,73.2306281522237,0,0,0,0,0
"377",16,28079050,0,0,26.828361633777,40.5543827443782,10.2704761904762,21.5181176470588,0,0,0,0,0,0
"378",16,28079054,0,0,8.00411522633745,17.3086419753086,0,0,80.0705128205128,0,0,0,0,0
"379",16,28079055,0,0,8.84970306075834,24.6395614435815,0,14.5257826887661,0,1.47092846270928,0.379637096774194,0.463608870967742,1.39120737327189,0.215308755760369
"380",16,28079056,0,0.314772204325817,20.2918968692449,39.1873848987109,0,0,67.0622693726937,0,0,0,0,0
"381",16,28079057,6.64628023733455,0.273751717819514,9.56698673982625,25.0836762688615,0,15.0658737419945,0,0,0,0,0,0
"382",16,28079058,0,0,4.02474793767186,14.3725939505041,0,0,84.151376146789,0,0,0,1.53527777777778,0.287824074074074
"383",16,28079059,0,0,6.68042182485099,13.3626776707932,0,0,80.6236805874254,0,0,0,0,0
"384",16,28079060,0,0,7.25810872544541,24.0296939241663,0,14.0539798719122,79.8782608695652,0,0,0,0,0
"385",17,28079004,5.59597806215722,0.288507326007326,16.1610983981693,34.7519450800915,0,0,0,0,0,0,0,0
"386",17,28079008,8.34314627414903,0.326068965517241,21.0092123445417,42.901888530631,11.7457865168539,22.7349953831948,62.0275988960442,3.09280742459397,0.614034275127374,0.783588317107093,1.41400402414487,0.14887323943662
"387",17,28079011,0,0,20.4055784179241,40.8559670781893,0,0,0,4.51744935543278,1.57691954022989,0.78886332259549,0,0
"388",17,28079016,0,0.282263978001833,11.0566727605119,29.7326325411335,0,0,68.2907509157509,0,0,0,0,0
"389",17,28079017,5.4647758462946,0,8.03564899451554,23.5644424131627,0,0,68.1361136571952,0,0,0,0,0
"390",17,28079018,3.94367497691597,0.299030470914127,6.41805555555556,23.0287037037037,0,17.1912922649375,75.3545706371191,0.916604127579737,0.212142522269105,0.41702626641651,0,0
"391",17,28079024,2.86599357503442,0.214423518603583,4.28669724770642,13.1206422018349,8.30592558566835,16.9063514140009,80.9059201468564,0.918295019157088,0.371360153256705,0.483699808795411,1.28152063050533,0.155679184051924
"392",17,28079027,0,0,6.72486288848263,20.6421389396709,0,0,79.668647166362,0,0,0,1.27412371134021,0.158848797250859
"393",17,28079035,6.99538532533456,0.306056403143782,13.1020313942752,33.3554939981533,0,0,68.2228887863406,0,0,0,0,0
"394",17,28079036,7.4229704797048,0.255150115473441,10.9039704524469,29.0521698984303,0,17.8241860465116,0,0,0,0,0,0
"395",17,28079038,4.28244972577697,0,18.2556012802926,33.8006401463192,9.78584729981378,19.6382393397524,0,2.30475302889096,0.33098788443616,0.471462153267513,0,0
"396",17,28079039,0,0.277191372189078,12.6965675057208,29.6732265446224,0,0,72.20823798627,0,0,0,0,0
"397",17,28079040,4.19687930243231,0,8.37741046831956,25.8911845730028,0,18.7354838709677,0,0,0,0,0,0
"398",17,28079047,0,0,6.12802926383173,21.5422953818016,9.86916319926029,19.2361047312816,0,0,0,0,0,0
"399",17,28079048,0,0,12.9385602934434,33.4997707473636,9.28916232844297,20.3165030388032,0,0,0,0,0,0
"400",17,28079049,0,0,5.0439761795694,20.6797984425103,0,0,73.9340357306459,0,0,0,0,0
"401",17,28079050,0,0,27.1215596330275,42.2701834862385,10.0793726235741,21.4790588235294,0,0,0,0,0,0
"402",17,28079054,0,0,7.80887059899406,18.3301326017375,0,0,80.2201372997712,0,0,0,0,0
"403",17,28079055,0,0,8.37094563727729,24.9894929191412,0,16.0137994480221,0,1.38090172239108,0.371076458752515,0.460694514343231,1.38588099630996,0.215262915129151
"404",17,28079056,0,0.314705882352941,20.4409195402299,40.2124137931035,0,0,66.937873907041,0,0,0,0,0
"405",17,28079057,6.60948905109489,0.264485125858124,8.48605395518976,24.7375400091449,0,16.2704805491991,0,0,0,0,0,0
"406",17,28079058,0,0,3.73544245758826,13.9867033470885,0,0,84.6824231298761,0,0,0,1.53386574074074,0.286805555555556
"407",17,28079059,0,0,5.89509848831883,13.2817224003665,0,0,80.8770642201835,0,0,0,0,0
"408",17,28079060,0,0,6.7371063441351,23.8662711090826,0,15.2744739249771,80.6247714808044,0,0,0,0,0
"409",18,28079004,5.74018264840183,0.320961098398169,21.3875685557587,40.9638939670932,0,0,0,0,0,0,0,0
"410",18,28079008,8.5356649792913,0.345287356321839,25.4613259668508,49.5773480662983,12.0723285114326,23.6689750692521,57.1222988505747,3.37726851851852,0.656654343807763,0.818593894542091,1.41733914209115,0.1525
"411",18,28079011,0,0,24.6312900274474,46.3600182982617,0,0,0,4.57330878969167,1.575,0.8203125,0,0
"412",18,28079016,0,0.298258478460128,12.7303473491773,34.0827239488117,0,0,64.5073193046661,0,0,0,0,0
"413",18,28079017,5.5827239488117,0,13.2607305936073,28.9922374429224,0,0,64.3779202931745,0,0,0,0,0
"414",18,28079018,3.966297322253,0.314358264081256,8.05367885238316,27.2605275335493,0,17.9018972697825,71.7204251386322,1.08141717503519,0.226194939081537,0.413649155722326,0,0
"415",18,28079024,2.76443629697525,0.213394495412844,3.67155290884104,14.1786532295007,8.49862511457379,17.3242241778601,79.135989010989,0.839370829361296,0.343687470223916,0.460952380952381,1.28009254974549,0.155590004627487
"416",18,28079027,0,0,9.35769757880311,24.991777067154,0,0,76.268281535649,0,0,0,1.27938144329897,0.162379725085911
"417",18,28079035,6.95011547344111,0.314107308048104,13.7741339491917,36.9533487297921,0,0,64.865988909427,0,0,0,0,0
"418",18,28079036,7.49630996309963,0.273591874422899,13.6909594095941,33.5087638376384,0,20.0715946071595,0,0,0,0,0,0
"419",18,28079038,4.38739150296939,0,22.9510968921389,39.9063071297989,10.6289424860853,20.6324472960587,0,2.49897531439218,0.373243369008841,0.500939408172851,0,0
"420",18,28079039,0,0.290041303350161,14.6953733394411,34.5075584058635,0,0,67.9949633699634,0,0,0,0,0
"421",18,28079040,4.2197247706422,0,10.5025240936209,31.3464892152363,0,19.5290055248619,0,0,0,0,0,0
"422",18,28079047,0,0,7.50639269406393,25.486301369863,10.0036849378167,19.7837837837838,0,0,0,0,0,0
"423",18,28079048,0,0,14.1013296652912,37.7175607519486,9.45540349221331,20.8520765282314,0,0,0,0,0,0
"424",18,28079049,0,0,4.79166666666667,22.0086996336996,0,0,70.7142857142857,0,0,0,0,0
"425",18,28079050,0,0,31.4885321100917,48.2573394495413,10.514950166113,22.337400281558,0,0,0,0,0,0
"426",18,28079054,0,0,10.1507537688442,22.564641388762,0,0,76.8221307727481,0,0,0,0,0
"427",18,28079055,0,0,11.3007759014149,29.8397991784573,0,17.9976969138646,0,1.56361798888327,0.421063189568706,0.491511803114013,1.39230627306273,0.220179889298893
"428",18,28079056,0,0.364400551217271,34.2827586206897,49.6275862068966,0,0,61.4747242647059,0,0,0,0,0
"429",18,28079057,6.68886861313869,0.277940503432494,11.6226587482869,30.2042028323435,0,18.4993128721942,0,0,0,0,0,0
"430",18,28079058,0,0,5.06459001374256,15.8996793403573,0,0,81.2654745529574,0,0,0,1.5393287037037,0.289236111111111
"431",18,28079059,0,0,6.38306636155606,15.666819221968,0,0,77.3263061411549,0,0,0,0,0
"432",18,28079060,0,0,9.29803742583295,28.4285714285714,0,17.5670480549199,76.8017359524897,0,0,0,0,0
"433",19,28079004,6.17085427135678,0.377620137299771,31.3085009140768,49.0425045703839,0,0,0,0,0,0,0,0
"434",19,28079008,8.89558417663294,0.391540229885057,33.0616942909761,58.2527624309392,12.887435777674,26.1371191135734,50.3790248390064,3.75561719833564,0.760369515011547,0.892784458834413,1.43446380697051,0.164383378016086
"435",19,28079011,0,0,35.4277218664227,53.6239707227813,0,0,0,4.82410303587857,1.69568411386593,0.896512161541992,0,0
"436",19,28079016,0,0.348166819431714,19.7911334552102,41.3532906764168,0,0,58.9080512351327,0,0,0,0,0
"437",19,28079017,6.00182731841023,0,27.7845732542218,38.1935189411228,0,0,58.5489926739927,0,0,0,0,0
"438",19,28079018,4.21191135734072,0.368066451315182,14.3092926490985,34.5829865926953,0,19.890841813136,65.5620673742501,1.59990592662277,0.281997187060478,0.44045049272642,0,0
"439",19,28079024,2.75711662075298,0.219163602941176,4.15557595227168,17.6548875631023,8.92099219108865,18.4684308263695,74.8566835094166,0.835482330468004,0.337935977066412,0.451956106870229,1.28246873552571,0.157262621584067
"440",19,28079027,0,0,17.8401826484018,32.6730593607306,0,0,70.1582075903064,0,0,0,1.29777491408935,0.172396907216495
"441",19,28079035,7.11593533487298,0.341986143187067,16.3362586605081,42.7140877598152,0,0,59.4651270207852,0,0,0,0,0
"442",19,28079036,7.97140221402214,0.315420129270545,20.1000922509225,39.8016605166052,0,22.5931258708778,0,0,0,0,0,0
"443",19,28079038,4.74588665447898,0,31.7084095063985,48.3912248628885,12.0510440835267,22.4583333333333,0,3.00680652680653,0.497582519758252,0.58150234741784,0,0
"444",19,28079039,0,0.355943093162001,27.7413003663004,44.0709706959707,0,0,61.2352402745995,0,0,0,0,0
"445",19,28079040,4.44566712517194,0,15.2857798165138,38.8600917431193,0,20.9599631845375,0,0,0,0,0,0
"446",19,28079047,0,0,14.752855185016,32.9291914116035,10.5685372585097,20.9757658893461,0,0,0,0,0,0
"447",19,28079048,0,0,18.0797433547204,43.955087076077,10.4413012729844,22.1296641791045,0,0,0,0,0,0
"448",19,28079049,0,0,5.45745654162855,25.6985361390668,0,0,64.9620137299771,0,0,0,0,0
"449",19,28079050,0,0,39.4809720311784,56.639156350298,11.378672985782,23.5360824742268,0,0,0,0,0,0
"450",19,28079054,0,0,22.2286236854138,31.4823959762231,0,0,70.7335164835165,0,0,0,0,0
"451",19,28079055,0,0,21.4605203103606,38.704701049749,0,21.865561694291,0,1.9704602933738,0.526861167002012,0.554298642533937,1.41226267281106,0.233248847926267
"452",19,28079056,0,0.458455882352941,55.0487356321839,61.5852873563218,0,0,54.9204963235294,0,0,0,0,0
"453",19,28079057,7.08169785486079,0.322897623400366,22.9826484018265,39.972602739726,0,21.5765889346136,0,0,0,0,0,0
"454",19,28079058,0,0,5.88782051282051,18.2710622710623,0,0,76.1208791208791,0,0,0,1.54524249422633,0.293464203233256
"455",19,28079059,0,0,10.7692307692308,20.5050366300366,0,0,71.2206422018349,0,0,0,0,0
"456",19,28079060,0,0,13.3226837060703,33.4039251483341,0,19.6968864468864,71.6701690269529,0,0,0,0,0
"457",20,28079004,6.63395709721588,0.448581884720952,44.6024646280237,58.5075308078503,0,0,0,0,0,0,0,0
"458",20,28079008,9.38720073664825,0.448091954022989,40.8064516129032,66.5599078341014,13.8717828731867,29.8404993065187,43.1770929162833,4.30429759704251,0.95,1.02847896440129,1.46330201342282,0.182590604026846
"459",20,28079011,0,0,43.7559414990859,60.4995429616088,0,0,0,5.32229885057471,1.91477742083525,1.05048231511254,0,0
"460",20,28079016,0,0.401880733944954,28.3217550274223,49.0863802559415,0,0,52.5173833485819,0,0,0,0,0
"461",20,28079017,6.49474165523548,0,43.6112380082229,48.4582000913659,0,0,51.2983981693364,0,0,0,0,0
"462",20,28079018,4.6571296723581,0.447555350553506,25.9075785582255,43.8059149722736,0,23.3435185185185,58.1425276752768,2.34248120300752,0.397987833411324,0.516791744840525,0,0
"463",20,28079024,2.79017447199265,0.232336706531739,6.45107946715664,22.6403307303629,9.52827586206897,19.874651810585,69.1512643678161,0.937452290076336,0.356145384983262,0.45145584725537,1.28597589244321,0.159898006490496
"464",20,28079027,0,0,27.1470991320238,40.2361809045226,0,0,63.4513031550069,0,0,0,1.31779209621993,0.183788659793814
"465",20,28079035,7.29745958429561,0.381117266851339,21.0207852193995,49.9468822170901,0,0,52.4471131639723,0,0,0,0,0
"466",20,28079036,8.71092669432918,0.360359944623904,27.3536191793453,47.2282157676349,0,25.4158921933086,0,0,0,0,0,0
"467",20,28079038,5.11288848263254,0,39.9789762340037,56.831352833638,13.4742936544697,25.0114573785518,0,3.72503489995347,0.66327289632729,0.707082551594747,0,0
"468",20,28079039,0,0.434342044933517,43.7698993595608,55.0228728270814,0,0,53.4128943758573,0,0,0,0,0
"469",20,28079040,4.81109582760202,0,21.1926605504587,47.2298165137615,0,22.4809195402299,0,0,0,0,0,0
"470",20,28079047,0,0,24.7917808219178,41.5844748858447,11.518876611418,22.6865534648922,0,0,0,0,0,0
"471",20,28079048,0,0,22.8666972056803,50.5890975721484,11.4780970325012,23.7269338303821,0,0,0,0,0,0
"472",20,28079049,0,0,8.09332113449222,30.5457456541629,0,0,57.4358974358974,0,0,0,0,0
"473",20,28079050,0,0,46.2639780018332,63.9670027497708,12.3211574952562,24.8875351452671,0,0,0,0,0,0
"474",20,28079054,0,0,37.4273308957952,41.2326325411335,0,0,63.8049450549451,0,0,0,0,0
"475",20,28079055,0,0,29.9050228310502,46.9360730593607,0,24.8976014760148,0,2.58313982836951,0.699247365780231,0.644829317269076,1.43614568925772,0.246795758414016
"476",20,28079056,0,0.562132352941176,75.863908045977,75.1931034482759,0,0,46.5330882352941,0,0,0,0,0
"477",20,28079057,7.56113138686131,0.376258005489479,35.3984481971702,50.1428571428571,0,25.3706581352834,0,0,0,0,0,0
"478",20,28079058,0,0,5.5731315910133,21.1939477303989,0,0,69.5142071494042,0,0,0,1.55193995381062,0.296697459584296
"479",20,28079059,0,0,16.3315018315018,25.7847985347985,0,0,64.7551581843191,0,0,0,0,0
"480",20,28079060,0,0,18.055200729927,39.9680656934307,0,21.7777777777778,65.117915904936,0,0,0,0,0
"481",21,28079004,6.88264840182648,0.505265567765568,55.8173515981735,65.9465753424657,0,0,0,0,0,0,0,0
"482",21,28079008,9.80561953017043,0.507455131155085,49.3762102351314,74.6597510373444,15.2256554307116,35.4060185185185,35.2328578002761,4.90462962962963,1.14144310823312,1.17316057380842,1.49567204301075,0.203380376344086
"483",21,28079011,0,0,50.5413430790315,66.6176336226587,0,0,0,5.86371559633027,2.14392480513526,1.18838916934374,0,0
"484",21,28079016,0,0.437018348623853,33.6435100548446,55.3784277879342,0,0,45.8018306636156,0,0,0,0,0
"485",21,28079017,6.83782549109182,0,54.7771689497717,56.8680365296804,0,0,43.5025171624714,0,0,0,0,0
"486",21,28079018,4.85971389017074,0.485332103321033,32.3650646950092,51.2999075785582,0,27.025069637883,49.7269372693727,2.86751412429379,0.513267698077825,0.564802631578947,0,0
"487",21,28079024,2.81195402298851,0.248226623675725,9.15264367816092,27.3149425287356,10.1054327808471,21.0469112865769,62.7560975609756,1.04834849210148,0.385741718674988,0.460047846889952,1.291589958159,0.16325430032543
"488",21,28079027,0,0,29.986301369863,47.52100456621,0,0,55.0205855443733,0,0,0,1.3359793814433,0.193754295532646
"489",21,28079035,7.52954755309326,0.447900323027227,29.0457063711911,58.5138504155125,0,0,43.7690531177829,0,0,0,0,0
"490",21,28079036,9.14068265682657,0.397783933518006,33.0806823420931,53.8842784693407,0,28.4447539461467,0,0,0,0,0,0
"491",21,28079038,5.36854138088706,0,46.9858253315043,64.811614083219,14.5530829856282,26.8751147842057,0,4.41992551210428,0.822279069767442,0.818535898639137,0,0
"492",21,28079039,0,0.508882783882784,56.3947007766103,64.6555504796711,0,0,45.0717222476016,0,0,0,0,0
"493",21,28079040,5.06143970655663,0,24.143119266055,54.1284403669725,0,23.7680625862862,0,0,0,0,0,0
"494",21,28079047,0,0,32.2114155251142,50.0995433789954,12.648224988474,24.3313473877177,0,0,0,0,0,0
"495",21,28079048,0,0,26.0343563902886,55.8442510306917,12.4797551789077,24.372905027933,0,0,0,0,0,0
"496",21,28079049,0,0,11.8642595978062,35.7161791590494,0,0,49.1554641060814,0,0,0,0,0
"497",21,28079050,0,0,50.0649885583524,69.9647597254005,13.2601895734597,25.8046838407494,0,0,0,0,0,0
"498",21,28079054,0,0,46.3844748858447,49.6013698630137,0,0,55.854004576659,0,0,0,0,0
"499",21,28079055,0,0,37.444545869466,55.9297124600639,0,27.3383908045977,0,3.00556117290192,0.795630336514314,0.708299798792757,1.45776958525346,0.258405529953917
"500",21,28079056,0,0.61038125861277,84.4901240238861,84.2457510335324,0,0,37.2712643678161,0,0,0,0,0
"501",21,28079057,7.82747603833866,0.41070938215103,40.265296803653,57.4315068493151,0,27.1221408966148,0,0,0,0,0,0
"502",21,28079058,0,0,5.69230769230769,24.6877289377289,0,0,60.774163994503,0,0,0,1.56168981481481,0.301111111111111
"503",21,28079059,0,0,20.9033882783883,31.2554945054945,0,0,57.4997707473636,0,0,0,0,0
"504",21,28079060,0,0,21.2486313868613,46.1391423357664,0,23.7379972565158,57.4362722704431,0,0,0,0,0
"505",22,28079004,6.87482868889904,0.537351054078827,61.92142530836,70.1813613522156,0,0,0,0,0,0,0,0
"506",22,28079008,9.99447513812155,0.548252069917203,55.6820276497696,80.7907834101382,16.9279700654818,39.2082369273485,28.2709291628335,5.34697179842811,1.29556171983356,1.30069412309116,1.52633064516129,0.224032258064516
"507",22,28079011,0,0,53.8711740520786,70.7953403380539,0,0,0,6.25445772058824,2.29302752293578,1.3055504587156,0,0
"508",22,28079016,0,0.464908256880734,35.8385916780978,60.4503886602652,0,0,39.1211705532693,0,0,0,0,0
"509",22,28079017,7.03568161024703,0,61.7554844606947,63.904478976234,0,0,35.174232003668,0,0,0,0,0
"510",22,28079018,4.8203233256351,0.503182656826568,33.3926096997691,56.5870669745958,0,29.5836810384794,41.0880996309963,2.87656982193065,0.553089887640449,0.543064667291471,0,0
"511",22,28079024,2.8247470101196,0.265928999538958,11.1688132474701,32.28748850046,10.5334255417243,20.960520204366,55.1652093879429,1.1507197696737,0.416305916305916,0.472840690978887,1.29844972067039,0.166904096834264
"512",22,28079027,0,0,28.4543378995434,52.6940639269406,0,0,45.7653247941446,0,0,0,1.3551116838488,0.198384879725086
"513",22,28079035,7.7097966728281,0.507383479464698,35.986143187067,66.0092378752887,0,0,35.1072584373555,0,0,0,0,0
"514",22,28079036,9.14252767527675,0.427390300230947,35.5532503457815,58.83540802213,0,30.131444496052,0,0,0,0,0,0
"515",22,28079038,5.43235831809872,0,50.3715722120658,70.0159963436929,15.5215777262181,27.7463302752294,0,5.09435897435897,0.974115456238361,0.948567402536402,0,0
"516",22,28079039,0,0.582250686184812,68.2447488584475,73.5004566210046,0,0,36.9160200821543,0,0,0,0,0
"517",22,28079040,5.19715726730857,0,27.1206422018349,60.2128440366972,0,25.2010119595216,0,0,0,0,0,0
"518",22,28079047,0,0,38.7940639269406,58.0146118721461,14.2247812068171,26.0155535224154,0,0,0,0,0,0
"519",22,28079048,0,0,27.5194686211635,59.6335318369217,13.1879415920867,25.0442271880819,0,0,0,0,0,0
"520",22,28079049,0,0,16.2349177330896,40.3555758683729,0,0,42.6378600823045,0,0,0,0,0
"521",22,28079050,0,0,48.385989010989,71.9175824175824,13.8383742911153,26.298877455566,0,0,0,0,0,0
"522",22,28079054,0,0,49.5889092575619,56.5343721356554,0,0,47.0418390804598,0,0,0,0,0
"523",22,28079055,0,0,36.3569146508444,60.1081697854861,0,28.4825046040516,0,3.3199595755432,0.853390256152687,0.767437185929648,1.47938248847926,0.266792626728111
"524",22,28079056,0,0.633884297520661,87.5980707395498,89.7285254937988,0,0,29.2009195402299,0,0,0,0,0
"525",22,28079057,7.92514833409402,0.433775743707094,39.7470319634703,61.5013698630137,0,28.3033913840513,0,0,0,0,0,0
"526",22,28079058,0,0,5.375,27.5196886446886,0,0,50.856684981685,0,0,0,1.5730787037037,0.305648148148148
"527",22,28079059,0,0,21.3472285845167,35.6555199267064,0,0,49.8600917431193,0,0,0,0,0
"528",22,28079060,0,0,21.3202554744526,50.5086678832117,0,25.3816270566728,49.6872427983539,0,0,0,0,0
"529",23,28079004,6.60319634703196,0.518918918918919,59.8808219178082,65.4602739726027,0,0,0,0,0,0,0,0
"530",23,28079008,9.62505757715339,0.537045559134837,52.0622406639004,77.020285846012,17.5004677268475,34.531914893617,27.0064427059365,5.45707000463607,1.32031466913466,1.34300278035218,1.54671370967742,0.233595430107527
"531",23,28079011,0,0,48.5806304248515,65.0872544540886,0,0,0,6.28153775322284,2.31469237832874,1.35663757464401,0,0
"532",23,28079016,0,0.451902796882164,33.4945155393053,59.0201096892139,0,0,36.6787020109689,0,0,0,0,0
"533",23,28079017,7.09107551487414,0,63.8930041152263,65.5706447187929,0,0,30.5550458715596,0,0,0,0,0
"534",23,28079018,4.68204891555145,0.491743542435424,31.7350901525659,56.4484512251503,0,29.1666666666667,36.4506457564576,2.98221806270473,0.557136172204024,0.52676649508657,0,0
"535",23,28079024,2.84749655489205,0.276324274527867,12.4206896551724,34.7632183908046,10.7254721326578,19.8970315398887,48.8621323529412,1.26778684589534,0.441814690350456,0.488675623800384,1.30759310986965,0.16963687150838
"536",23,28079027,0,0,26.1251141552511,53.8219178082192,0,0,39.6587374199451,0,0,0,1.37241616509028,0.199561478933792
"537",23,28079035,7.72794457274827,0.523939114391144,37.8109981515712,64.6497227356747,0,0,32.5718244803695,0,0,0,0,0
"538",23,28079036,8.67127708621484,0.424803695150115,33.3287229137852,57.5002305209774,0,29.1905204460967,0,0,0,0,0,0
"539",23,28079038,5.039780521262,0,43.8120713305899,63.5422953818016,15.5350023180343,26.1301558203483,0,5.46716487622606,1.00209888059702,1.03110902255639,0,0
"540",23,28079039,0,0.598902104300091,71.666362391602,73.1319032405294,0,0,34.463503649635,0,0,0,0,0
"541",23,28079040,5.138010087116,0,27.0045871559633,60.5807339449541,0,25.4072710538426,0,0,0,0,0,0
"542",23,28079047,0,0,39.9456621004566,59.2305936073059,15.0648872526461,26.1922196796339,0,0,0,0,0,0
"543",23,28079048,0,0,25.4626660558864,56.1140632157581,13.6309355900329,25.0162866449511,0,0,0,0,0,0
"544",23,28079049,0,0,21.4506398537477,43.0132541133455,0,0,38.2090576395242,0,0,0,0,0
"545",23,28079050,0,0,40.8121850664224,64.8149335776454,13.5997164461248,25.2029934518241,0,0,0,0,0,0
"546",23,28079054,0,0,45.1572212065814,57.4894881170018,0,0,41.3796423658872,0,0,0,0,0
"547",23,28079055,0,0,33.7923322683706,60.4897307165678,0,27.2175712971481,0,3.25482079757698,0.856949322629202,0.770868910095429,1.49183579335793,0.26835332103321
"548",23,28079056,0,0.602754820936639,80.3036288470372,84.168580615526,0,0,27.816091954023,0,0,0,0,0
"549",23,28079057,7.79908675799087,0.434965675057208,32.7990867579909,56.003196347032,0,27.1596523330284,0,0,0,0,0,0
"550",23,28079058,0,0,4.56227106227106,25.0975274725275,0,0,45.961503208066,0,0,0,1.58956018518519,0.309027777777778
"551",23,28079059,0,0,18.9124656278643,35.9725022914757,0,0,45.6772268135905,0,0,0,0,0
"552",23,28079060,0,0,19.2619808306709,49.2852578731173,0,24.3470695970696,46.4759945130316,0,0,0,0,0
"553",24,28079004,6.16164383561644,0.472606504809895,52.1155251141553,57.2913242009132,0,0,0,0,0,0,0,0
"554",24,28079008,8.99815583218073,0.486589861751152,43.2990309183203,67.7092754960775,16.1684604585868,28.2464170134073,29.1294334408107,5.02121917170777,1.17579972183588,1.26061309800279,1.54481481481481,0.221622895622896
"555",24,28079011,0,0,36.5436272270443,54.1676564641389,0,0,0,5.82166281755196,2.09175874769797,1.25506445672192,0,0
"556",24,28079016,0,0.401054562127464,25.6256855575868,51.4730347349177,0,0,37.5457038391225,0,0,0,0,0
"557",24,28079017,6.98673376029277,0,60.6732175502742,59.8331809872029,0,0,30.6103717301514,0,0,0,0,0
"558",24,28079018,4.43167128347184,0.449861623616236,27.2746185852982,49.8395746648174,0,25.1411383618695,36.8159594095941,2.69451990632319,0.490641085634066,0.482427366447985,0,0
"559",24,28079024,2.81580156178227,0.277614002763703,12.7852873563218,33.216091954023,10.4850437183617,18.9494902687674,46.0739889705882,1.32191846522782,0.450936149783965,0.497362110311751,1.31297574626866,0.170826330532213
"560",24,28079027,0,0,20.4739726027397,47.4520547945205,0,0,39.0887465690759,0,0,0,1.38430782459157,0.194531384350817
"561",24,28079035,7.30732407850646,0.481964944649447,34.2528895053167,57.4299583911234,0,0,33.9838337182448,0,0,0,0,0
"562",24,28079036,7.70816044260028,0.383418013856813,26.3600737667128,49.8713692946058,0,25.8226555246054,0,0,0,0,0,0
"563",24,28079038,4.47233653406493,0,34.0315356489945,53.5831809872029,13.8280669144981,23.0128205128205,0,5.0788119738073,0.882773109243697,0.997033898305085,0,0
"564",24,28079039,0,0.509203296703297,54.9789762340037,60.9744058500914,0,0,37.2826484018265,0,0,0,0,0
"565",24,28079040,4.91655204034846,0,23.7022935779817,54.0706422018349,0,23.2937384898711,0,0,0,0,0,0
"566",24,28079047,0,0,36.5461187214612,53.4406392694064,14.3445416858591,24.4771480804388,0,0,0,0,0,0
"567",24,28079048,0,0,21.0398899587345,48.7418615314076,12.4408855393311,22.7959944108058,0,0,0,0,0,0
"568",24,28079049,0,0,23.9460448102423,41.1984453589392,0,0,37.1372369624886,0,0,0,0,0
"569",24,28079050,0,0,31,54.6966086159487,12.1474480151229,22.693963500234,0,0,0,0,0,0
"570",24,28079054,0,0,34.8505484460695,50.776508226691,0,0,41.0004587155963,0,0,0,0,0
"571",24,28079055,0,0,30.2163395709722,55.9502510269283,0,24.3690257352941,0,3.03808801213961,0.78572864321608,0.73403720462544,1.50327331486611,0.26393351800554
"572",24,28079056,0,0.526825907211759,63.5537683823529,72.9554227941177,0,0,28.9323827046918,0,0,0,0,0
"573",24,28079057,7.42074006395614,0.367994505494506,20.6674280493376,45.4047510278666,0,23.8395795246801,0,0,0,0,0,0
"574",24,28079058,0,0,4.00366468163078,21.5103069170866,0,0,43.1843191196699,0,0,0,1.60775462962963,0.311226851851852
"575",24,28079059,0,0,15.1820265933058,32.0137551581843,0,0,45.1767676767677,0,0,0,0,0
"576",24,28079060,0,0,16.6365296803653,43.2077625570776,0,22.4451052150046,47.5473251028807,0,0,0,0,0
