date,temp_avg,temp_max,temp_min,precipitation,humidity,wind_avg_speed
01-01-2011,8.3,13,3,0,84,5.2
02-01-2011,8.6,13,4,0,81,5.4
03-01-2011,4.2,9.4,-1.6,0,86,3.5
04-01-2011,6.5,8,4.1,0,93,6.3
05-01-2011,8.9,10,6.3,0,90,10.4
06-01-2011,12.2,15,8.9,0.51,87,15.7
07-01-2011,10.9,13,8.7,1.02,81,15.6
08-01-2011,9.8,13,7.6,1.02,88,14.3
09-01-2011,8.4,11,6.6,10.92,92,6.5
10-01-2011,6.9,8.3,5.2,3.81,91,7.4
11-01-2011,11.3,15,5.7,1.78,77,15.4
12-01-2011,9.1,16,3.1,0,83,3.1
13-01-2011,6.6,13.3,1.9,0,92,3.5
14-01-2011,6.9,15.3,0.7,0,84,5
15-01-2011,6.8,15.8,0.3,0,81,3.7
16-01-2011,6.3,14.8,0,0,83,4.8
17-01-2011,4.3,6,0.9,0,97,2.6
18-01-2011,6.9,12,3,0,91,2.6
19-01-2011,6.8,11,3.6,0,89,2.8
20-01-2011,6.7,12.1,2.2,0,77,6.3
21-01-2011,2.7,7,-2,0,32,15
22-01-2011,0.9,7.2,-4,0,35,11.9
23-01-2011,-0.2,5.4,-4.1,0,45,9.1
24-01-2011,0.5,8.8,-6,0,49,5
25-01-2011,-0.2,8.7,-6,0,61,5.2
26-01-2011,0.6,9.4,-5.1,0,73,5
27-01-2011,2.7,6,-1.2,0,90,5.9
28-01-2011,5.6,9.7,3.3,2.29,88,12.4
29-01-2011,5,9,1.4,4.06,83,7.8
30-01-2011,3,6.9,0,0,89,3.5
31-01-2011,3.5,8,-0.2,0.76,68,8.7
01-02-2011,2.7,10,-3,0,66,9.3
02-02-2011,5.1,13,-2,0,55,8.1
03-02-2011,4.4,14.6,-3,0,63,4.8
04-02-2011,5.6,16,-2,0,66,4.3
05-02-2011,6.7,19.5,-2,0,57,3
06-02-2011,7.3,19.3,-1,0,57,4.3
07-02-2011,7.1,18.8,-1.2,0,55,3.9
08-02-2011,5.9,16,-2,0,59,4.8
09-02-2011,5.8,15,-1.4,0,70,4.8
10-02-2011,6.3,15.6,-1.3,0,67,4.8
11-02-2011,6.2,14.3,-1,0,69,6.3
12-02-2011,6.7,14.8,-1,0,70,6.9
13-02-2011,6.7,12,0,0,76,14.1
14-02-2011,6.6,9.1,3.1,0.76,61,22.4
15-02-2011,6.6,10,4.8,0.25,89,12
16-02-2011,5.5,8.7,2,4.83,85,21.1
17-02-2011,6.7,10.5,3.5,5.08,70,23.7
18-02-2011,6.7,13.2,-0.5,0.25,73,7.6
19-02-2011,8.1,10,5.7,0,92,7
20-02-2011,9.4,15,6,0,79,8.3
21-02-2011,10.3,13.4,4.8,0.25,63,18.3
22-02-2011,13.5,16,9.2,0,59,19.6
23-02-2011,12.2,19.3,5.4,0,59,4.6
24-02-2011,11.2,20,2.7,0,62,6.5
25-02-2011,11.6,21.9,2,0,57,4.1
26-02-2011,12.1,21,3.6,0,58,5.6
27-02-2011,9.3,12.8,5.2,0,50,19.3
28-02-2011,5.7,10.7,-0.3,0,53,24.1
01-03-2011,5.2,10,1.3,0.25,54,21.9
02-03-2011,5.7,8.1,3,0,59,15.7
03-03-2011,2.7,8.2,-1.8,0,73,8.3
04-03-2011,3,6,0.5,0.51,92,8
05-03-2011,6.8,12.2,1.6,8.89,73,5.6
06-03-2011,6.5,14.3,-0.6,0,70,5.6
07-03-2011,10.3,17.5,3.8,0,55,9.3
08-03-2011,9.6,14.4,3.9,0,61,9.3
09-03-2011,10.6,15.1,6,0,66,8.1
10-03-2011,9.7,18.2,1.1,0,57,6.1
11-03-2011,6.8,12,2.3,0,82,7.2
12-03-2011,9.4,14,5.7,14.22,82,7.6
13-03-2011,9.9,13.8,5.8,0,80,10.2
14-03-2011,10.9,15,5.5,2.29,83,15.4
15-03-2011,10.4,13,8,3.81,74,17.2
16-03-2011,9.8,12,7.6,0,61,18.5
17-03-2011,11.4,17,6,0.25,63,14.6
18-03-2011,11.3,21.1,2,0,59,5.4
19-03-2011,12.4,21.8,3,0,51,5.4
20-03-2011,12.3,21.4,2,0,41,5
21-03-2011,10.8,16.8,3.2,0,58,8.1
22-03-2011,10.2,14.3,6,0,54,11.3
23-03-2011,9.2,13,4.8,0.76,67,12.6
24-03-2011,9.7,12,7.5,1.52,83,8
25-03-2011,11.6,15,8.7,0.25,79,6.7
26-03-2011,13.2,18.2,8,1.02,73,11.1
27-03-2011,10.4,14.4,6.8,3.3,81,18.9
28-03-2011,11,14.9,6,1.52,68,13.9
29-03-2011,12.8,17.6,7,0.25,62,10.4
30-03-2011,14.8,19.6,9.8,0,61,12
31-03-2011,13.9,22,5.3,0,64,5
01-04-2011,16.1,25.7,6.6,0,58,6.7
02-04-2011,14.9,21,8.4,0,64,6.3
03-04-2011,13.4,19,10,0,81,9.3
04-04-2011,15.9,22.1,10.5,6.86,74,5.6
05-04-2011,17,25.7,9,0,61,4.4
06-04-2011,17.4,25.5,9.4,0,56,8.5
07-04-2011,18.4,27.9,9.3,0,50,4.6
08-04-2011,19,29,9,0,47,6.1
09-04-2011,18.9,29,9,0,48,8.9
10-04-2011,17.5,24.7,9.5,0,57,9.1
11-04-2011,16.1,23.4,9.1,0,53,14.4
12-04-2011,16.4,24.5,9,0,46,8.7
13-04-2011,17.5,26,7,0,43,7.2
14-04-2011,17.5,27,6.9,0,43,8.7
15-04-2011,15.6,22.1,8.5,0,36,10.9
16-04-2011,14.8,21.2,9.6,0,56,9.8
17-04-2011,15.2,22.5,6.4,0,49,7
18-04-2011,15.3,22.5,5.6,0,42,9.3
19-04-2011,15.9,21.4,10.7,0,58,10.6
20-04-2011,15.5,20.9,12.2,1.52,76,12.4
21-04-2011,14,20.3,10,4.83,80,10.7
22-04-2011,11,15.1,8.6,27.94,86,10.9
23-04-2011,12.1,17,8.9,1.78,80,3.9
24-04-2011,14.2,19.6,8.7,1.02,67,12
25-04-2011,15.2,21,9.4,0,65,12.6
26-04-2011,15.2,20.7,9.9,1.27,61,10.7
27-04-2011,16.1,24,7.8,0,53,7
28-04-2011,17.1,24,8,0,49,8.7
29-04-2011,14.6,20.4,9.3,0,67,9.4
30-04-2011,13.4,16.2,10.9,0,79,11.7
01-05-2011,15.1,20.4,11,1.02,67,10.6
02-05-2011,15.7,22.6,10.5,4.06,73,6.9
03-05-2011,16.6,22.5,9.3,0,64,10.7
04-05-2011,16.7,22.8,9,0,50,8.9
05-05-2011,16.3,23.9,7.5,0,54,6.3
06-05-2011,18.5,23,13.7,0,62,16.7
07-05-2011,15,18,12,0,72,15.7
08-05-2011,15.4,21.3,7.2,17.02,64,8.3
09-05-2011,17.9,27,8.3,0,58,5.2
10-05-2011,19.3,26.5,10.2,0,55,7.2
11-05-2011,20,27.4,10.7,0,48,6.1
12-05-2011,18.8,23.6,14.3,0,59,6.9
13-05-2011,20.6,27.1,13.9,0.25,53,6.3
14-05-2011,17.6,27.6,10.6,0,69,10.4
15-05-2011,14.4,22,6.2,3.56,48,15.6
16-05-2011,17,24.3,8.8,0,49,7.4
17-05-2011,17.8,25.4,10.1,0,57,7.8
18-05-2011,18.7,25,12.6,0,51,12.6
19-05-2011,15.2,19.1,11.3,3.3,70,8.1
20-05-2011,18.1,26,8.9,0,52,6.1
21-05-2011,20.3,27,11.6,0,46,6.3
22-05-2011,20.8,28,13.8,0.25,50,7.8
23-05-2011,21.6,30,12.1,0,46,6.3
24-05-2011,23.6,31.2,13.9,0,39,6.1
25-05-2011,24.1,32,14.6,0,33,7
26-05-2011,23.1,30.5,16,0,40,12
27-05-2011,18.8,25.7,14.7,1.02,77,7
28-05-2011,20.8,28.5,12.2,4.57,62,5.6
29-05-2011,22.4,29,15.4,2.29,53,11.9
30-05-2011,18.2,23,15,10.41,79,10.2
31-05-2011,18.4,24,12,7.62,65,12
01-06-2011,15.2,22,8.3,0,43,19.3
02-06-2011,16.1,22.3,8.6,0,48,16.1
03-06-2011,17.3,24,11,0,47,9.1
04-06-2011,18.2,25.3,11.3,0,53,6.7
05-06-2011,19.6,27,11.9,0,55,9.6
06-06-2011,16.2,20.1,13.7,3.05,87,5.4
07-06-2011,15.2,19.5,12,22.1,87,5.7
08-06-2011,17.6,23,11.1,7.87,55,9.3
09-06-2011,18.1,24.6,9.8,0,49,11.5
10-06-2011,18.8,25.2,10.5,0,49,5.7
11-06-2011,20.4,28,12.1,0,45,7
12-06-2011,23.1,31,12.6,0,37,10.9
13-06-2011,24.3,31,17.2,0,33,8.1
14-06-2011,24,31.3,13.9,0,32,8
15-06-2011,25.2,33,15.1,0,34,8.5
16-06-2011,24.9,31.3,16.4,0,36,9.3
17-06-2011,24.2,31,13.5,0,36,12.2
18-06-2011,23.5,30,16.3,0,30,10.9
19-06-2011,23.3,32.1,11.5,0,29,5.6
20-06-2011,26.6,35,15.7,0,34,8.5
21-06-2011,28.8,37,17.4,0,28,11.5
22-06-2011,26.7,34,16.2,0,27,14.3
23-06-2011,25.2,33,13.8,0,26,7.6
24-06-2011,25.3,34,15.8,0,35,7.2
25-06-2011,28.4,36,17.5,0,29,5.7
26-06-2011,30.6,38,20.7,0,29,6.5
27-06-2011,30.9,38,21.1,0,26,10.9
28-06-2011,29.7,37,19.2,0,26,12.4
29-06-2011,26.7,35,18.8,0,36,11.9
30-06-2011,26.2,35,16.1,0,31,9.4
01-07-2011,27.4,35.1,17.1,0,30,10.9
02-07-2011,28.6,36,18.6,0,26,10.4
03-07-2011,26.3,32.1,19.3,0,24,15
04-07-2011,25.4,32,17.3,0,35,6.5
05-07-2011,27.2,35,16.8,0,27,12.2
06-07-2011,27.3,33,18.8,0,25,14.1
07-07-2011,24.3,31,14.7,0,25,13
08-07-2011,23.3,31,12.4,0,26,8.1
09-07-2011,26,33,16.2,0,30,10.9
10-07-2011,27.1,34,15.3,0,23,10
11-07-2011,26.6,36,14.4,0,22,10.2
12-07-2011,24.7,32,15.7,0,32,15.7
13-07-2011,20.4,25.8,14.9,0,43,21.9
14-07-2011,21.6,29,12.6,0,32,9.8
15-07-2011,25.1,33,14.9,0,29,8.1
16-07-2011,27.2,35,15.8,0,25,13.9
17-07-2011,26.2,31,20.6,0,30,15.6
18-07-2011,23.4,31,13.4,0,30,12.4
19-07-2011,23.6,28,18,0,33,21.9
20-07-2011,23.7,32,13.4,0,28,8.1
21-07-2011,25.8,35,15.5,0,26,9.8
22-07-2011,23.9,32.1,15.7,0,38,11.9
23-07-2011,24,32.2,15.4,0,30,13.1
24-07-2011,22.9,30,14.4,0,32,10.6
25-07-2011,24.8,32,15.8,0,36,5.7
26-07-2011,26.7,35,16.9,0,35,10.6
27-07-2011,25.4,33,17,0,31,11.7
28-07-2011,26.6,34,17.5,0,37,7.6
29-07-2011,28.1,35.3,18.3,0,28,12
30-07-2011,28.9,35.2,19.6,0,27,10
31-07-2011,28,35,18.6,0,28,10.4
01-08-2011,27.6,34,18.9,0,32,9.4
02-08-2011,23.9,28,18.2,0.51,46,16.5
03-08-2011,24.6,31.6,15,0,39,6.3
04-08-2011,27.3,35,16.8,0,29,6.5
05-08-2011,27.5,34.1,19,0,29,12.4
06-08-2011,26.4,33,16.1,0,34,14.1
07-08-2011,27.2,33,20,0,36,14.8
08-08-2011,26.2,34,18.2,0,27,9.8
09-08-2011,25.3,34,16.3,0,24,10.2
10-08-2011,26.4,35,16.7,0,34,7.8
11-08-2011,29.1,37,19.7,0,37,8
12-08-2011,27.8,36.1,19,0,36,10.7
13-08-2011,25.6,32,18.2,4.57,49,8
14-08-2011,27.6,35,17.8,0,34,10.9
15-08-2011,28.4,36,18.4,0,28,6.9
16-08-2011,28.2,37,17.9,0,31,7.2
17-08-2011,28.4,36.1,18,0,27,10.2
18-08-2011,27.4,36,17,1.27,37,12.2
19-08-2011,29.1,37,19.7,0,32,6.5
20-08-2011,30.8,40,20.8,0,26,10.7
21-08-2011,28.5,37,20.3,0,33,10.6
22-08-2011,24.5,28.6,19.4,1.02,47,12
23-08-2011,24.9,32,15.4,0,40,9.1
24-08-2011,25.4,31.1,17.7,0,31,11.3
25-08-2011,24.9,32,14.6,0,32,14.1
26-08-2011,22.6,26,14.9,0,33,19.8
27-08-2011,20.1,29,9.1,0,26,7
28-08-2011,23.8,32,13.9,0,25,10.2
29-08-2011,24.2,32,13.5,0,23,11.5
30-08-2011,23.6,32,12.9,0,21,11.9
31-08-2011,23.1,27.9,17.8,0,45,12
01-09-2011,23.2,29,16.9,0,48,11.3
02-09-2011,21.5,25.6,16.1,0,47,9.8
03-09-2011,18.8,23.4,14.8,0.51,66,5.4
04-09-2011,20.8,27.6,11.8,0.76,52,11.9
05-09-2011,21.9,29,13.8,0,38,5.7
06-09-2011,23.2,31.1,13.5,0,36,7.6
07-09-2011,24.2,34,12.8,0,26,6.7
08-09-2011,24.8,34,13.8,0,21,6.9
09-09-2011,25.2,35,13,0,22,8
10-09-2011,24.9,32.5,14.1,0,25,11.1
11-09-2011,22.4,29,13.6,0,37,8
12-09-2011,23,33,11.7,0,31,5
13-09-2011,24.8,34,14.7,0,30,6.1
14-09-2011,25.8,33.1,17.8,0,33,8.3
15-09-2011,25.3,33,15.7,0,31,8.3
16-09-2011,24.7,32,16.7,0,35,8.9
17-09-2011,24.1,31,14.8,0,37,11.1
18-09-2011,21.2,25.7,14.7,0,33,13.3
19-09-2011,17.4,26.3,8.4,0,34,7
20-09-2011,20,30,10,0,29,6.7
21-09-2011,21.2,30.5,11.6,0,34,7.4
22-09-2011,21.6,30.3,11.8,0,34,6.1
23-09-2011,22.1,29,14.4,0,37,9.6
24-09-2011,21.1,26.3,13.5,0,31,8.5
25-09-2011,22.9,28.1,15.5,0,25,5.7
26-09-2011,19.6,29.9,10.4,0,34,5.6
27-09-2011,21.2,30.3,12.2,0,35,6.1
28-09-2011,20.1,26.6,11.8,0,36,5.2
29-09-2011,20.4,28.1,10.8,0,37,7.2
30-09-2011,20.2,27.5,12.2,0,43,5.6
01-10-2011,19.8,27.1,11,0,48,8.7
02-10-2011,19,26.8,10.6,0,49,6.1
03-10-2011,19.1,29.7,8.9,0,33,6.3
04-10-2011,20.4,30.4,10,0,24,4.8
05-10-2011,20.2,31.5,9.1,0,25,5.6
06-10-2011,20.8,31.2,10.3,0,30,4.3
07-10-2011,18.2,22.2,11.9,0,46,15.9
08-10-2011,16.1,23.7,9,0,43,12.4
09-10-2011,16.8,25.4,7.4,0,43,9.4
10-10-2011,18.4,29,8.5,0,38,5.2
11-10-2011,18.9,31.4,8.3,0,31,5.2
12-10-2011,20.4,32,9.5,0,28,6.3
13-10-2011,20.4,32,9.8,0,23,5.6
14-10-2011,19.2,30.1,8.4,0,22,5.2
15-10-2011,17.5,26.7,8.3,0,39,5.9
16-10-2011,17.1,27,8.8,0,46,5.4
17-10-2011,15.5,24,8.6,0,53,5
18-10-2011,15.1,24.5,6.6,0,48,4.8
19-10-2011,15.2,25.4,6.9,0,44,8
20-10-2011,13.6,19.5,8.5,0,42,13
21-10-2011,11.3,21.3,2,0,52,5.4
22-10-2011,14,22.9,6.8,0,54,5.4
23-10-2011,14.4,21.4,9.2,0,67,11.9
24-10-2011,13.7,16.7,10,2.54,76,18.9
25-10-2011,11.5,15.3,7.5,4.57,61,20.2
26-10-2011,11.8,16,6,0,72,12.2
27-10-2011,12.2,15.7,9,8.64,89,16.5
28-10-2011,13.1,18,8.3,20.83,70,9.4
29-10-2011,13.1,20.3,6.6,0,71,7.4
30-10-2011,14.1,22,7.2,0,72,5
31-10-2011,14.5,21.5,7.6,0,73,7.4
01-11-2011,15.3,20,11.8,0,77,8.5
02-11-2011,14.5,18,10.7,0,78,16.3
03-11-2011,12.6,16,8.7,2.79,82,19.6
04-11-2011,10.1,12.3,8.5,7.11,91,7.4
05-11-2011,10.2,12,8.4,4.57,75,8.7
06-11-2011,10.9,14.5,8.5,0,60,15.4
07-11-2011,11.6,14,8.7,0.51,81,4.4
08-11-2011,10.5,16.1,5.3,0.25,71,6.5
09-11-2011,9.4,14,4.8,0,82,3.9
10-11-2011,13,16.6,10.3,0.25,87,5.4
11-11-2011,13.8,19.3,9.9,0.51,81,4.8
12-11-2011,14.4,21.2,8.5,0,70,9.6
13-11-2011,13.7,18,9,0,73,9.6
14-11-2011,12.1,16,7.4,0,81,10.4
15-11-2011,9.1,12.1,5.8,11.68,88,6.9
16-11-2011,9.1,13.4,5.7,0,85,5
17-11-2011,9.3,14.5,3.8,0,84,3.9
18-11-2011,10.6,14,7,0,86,5.2
19-11-2011,11.6,15.1,9.5,3.81,81,11.9
20-11-2011,11.6,13,9.9,11.68,94,6.1
21-11-2011,12.1,16.4,9.7,2.54,82,5.4
22-11-2011,10.6,12,9.5,0.51,89,4.3
23-11-2011,12.6,17,8,3.3,72,9.4
24-11-2011,9.3,17,4,0,77,6.1
25-11-2011,8.8,17,2,0,73,4.8
26-11-2011,7.7,15.5,2.3,0,73,7.6
27-11-2011,6.2,14.9,0,0,78,4.6
28-11-2011,6,14,0,0,79,3.7
29-11-2011,5.7,14.6,-0.3,0,84,4.8
30-11-2011,6.1,14.1,0,0,84,4.1
01-12-2011,6.1,13.1,-0.5,0,84,5.7
02-12-2011,7.9,10.2,4.1,0,70,13.5
03-12-2011,5.3,11,0.5,1.02,78,5
04-12-2011,4.4,11,-1,0,84,4.6
05-12-2011,6.6,13.8,-0.4,0,82,4.6
06-12-2011,9.3,15.4,3.9,0,74,7.2
07-12-2011,4.7,12,1,0,90,4.1
08-12-2011,5.1,15.6,-1,0,84,3.1
09-12-2011,4.2,10.1,0,0,89,4.3
10-12-2011,4.1,5,2.4,0,98,5.4
11-12-2011,5.7,8.5,3.4,1.02,89,5.2
12-12-2011,7,10,3.6,0,90,8.3
13-12-2011,8.8,11.3,5.1,0,84,17.4
14-12-2011,11.2,14,8,0,77,16.7
15-12-2011,8.8,12.1,5.6,0,64,15.4
16-12-2011,9.4,13,5.4,0,79,28
17-12-2011,5.9,11.1,0.3,1.02,61,7.2
18-12-2011,4.1,9.2,-2,0,66,10
19-12-2011,2.7,10.3,-3,0,70,3.3
20-12-2011,2.4,10,-3.4,0,78,4.8
21-12-2011,6.4,17,-1.4,0,77,5.6
22-12-2011,5.6,15.9,-1,0,79,3.9
23-12-2011,4,14.7,-3,0,77,3.9
24-12-2011,6.8,12.4,0,0,59,10
25-12-2011,3.9,14.9,-3,0,58,5.2
26-12-2011,3.2,11.8,-3,0,70,4.4
27-12-2011,3,13.1,-3,0,76,4.4
28-12-2011,3.3,12,-3,0,71,5.7
29-12-2011,5.1,11.3,-1,0,61,12.2
30-12-2011,2.6,11,-3.8,0,66,4.3
31-12-2011,4.2,13.2,-2,0,68,4.4
01-01-2012,4.5,12.6,-2,0,75,6.5
02-01-2012,8.7,12.3,2,0,69,17.8
03-01-2012,3.8,11.9,-2.1,0,76,5.2
04-01-2012,3.6,13.3,-3.2,0,77,4.1
05-01-2012,4.4,14,-2,0,81,4.6
06-01-2012,7.5,16,0,0,74,13.1
07-01-2012,6.1,15,-1.1,0,75,3.3
08-01-2012,4,15.6,-2.5,0,61,6.3
09-01-2012,3.7,16.2,-4,0,61,6.1
10-01-2012,3.2,13.5,-3.4,0,67,4.3
11-01-2012,3.4,13.6,-3.1,0,66,5.2
12-01-2012,2.6,11.3,-4,0,73,4.4
13-01-2012,3.8,8,-0.1,0,78,3.9
14-01-2012,2.1,10.4,-3.1,0,85,4.6
15-01-2012,0.9,4.1,-3,0,93,2.6
16-01-2012,4.2,6,1.9,0.51,89,11.9
17-01-2012,5.3,12,0,3.56,69,6.9
18-01-2012,3.1,12.9,-3,0,74,4.3
19-01-2012,5.4,14,-0.2,0,79,4.8
20-01-2012,6.3,15.1,-0.6,0,77,7.2
21-01-2012,7.6,15.5,-0.2,0,70,5.9
22-01-2012,6,15.9,-1,0,76,4.4
23-01-2012,5.6,14.1,-1.3,0,72,6.7
24-01-2012,6.2,16,-0.2,0,62,9.6
25-01-2012,4.5,14,-3,0,72,5
26-01-2012,3.2,10.8,-3,0,83,4.1
27-01-2012,5.7,9.1,1.5,0,76,9.8
28-01-2012,5.2,11.5,0,0,59,13
29-01-2012,5.4,9,2,0,48,22.6
30-01-2012,3.3,10.8,-4,0,55,5.7
31-01-2012,3.2,13,-4,0,63,5.9
01-02-2012,3.4,12.3,-4,0,72,4.4
02-02-2012,1.2,4.4,-2,2.79,51,29.6
03-02-2012,-0.2,4.3,-2.1,0,40,29.1
04-02-2012,0.7,5.4,-3,0,46,28.7
05-02-2012,4.4,11,-1.4,0,57,19.1
06-02-2012,8.6,14.6,4.4,0,53,16.3
07-02-2012,5.9,9.2,0,0,59,20.4
08-02-2012,0.8,5.4,-2.1,0,47,22.8
09-02-2012,0.9,11,-6.4,0,57,6.9
10-02-2012,1.5,10.4,-6,0,55,10.6
11-02-2012,0.7,8.1,-7,0,38,11.1
12-02-2012,-0.5,6.5,-7,0,40,18.3
13-02-2012,2.1,7.8,-3.2,0,50,22
14-02-2012,4.6,10.5,-0.5,0,59,11.5
15-02-2012,4.3,12,-3,0,58,12.4
16-02-2012,5.3,11.6,-1.7,0,56,14.1
17-02-2012,4.7,13.8,-2,0,54,7.2
18-02-2012,4.3,13.8,-4,0,52,6.9
19-02-2012,4.9,15,-4,0,57,8.3
20-02-2012,5,13,-3,0,35,9.6
21-02-2012,3.1,14.3,-6,0,32,5.6
22-02-2012,3.9,16.3,-5.3,0,28,5.7
23-02-2012,5.3,18.5,-5,0,25,6.9
24-02-2012,6.7,19.2,-3,0,28,5.7
25-02-2012,7.8,20.2,-2.9,0,31,6.7
26-02-2012,11.3,22,1.7,0,40,5.6
27-02-2012,10.5,20.2,1.6,0,42,5.9
28-02-2012,10,20.9,0.7,0,48,4.8
29-02-2012,11.3,21,1.8,0,47,5.7
01-03-2012,11.2,20.6,1.5,0,47,5.6
02-03-2012,9.3,12.5,2.9,0,70,7.6
03-03-2012,9.7,15.4,2.6,0,67,7
04-03-2012,10.6,16,4.1,0,69,11.1
05-03-2012,8.4,15.6,1,0,46,8.5
06-03-2012,7.4,14.5,0.4,0,36,9.4
07-03-2012,7.3,14.3,-2,0,34,7.2
08-03-2012,8.7,16.8,-0.7,0,39,18.5
09-03-2012,10.7,22.1,-0.8,0,35,10.4
10-03-2012,9.4,17.7,1.4,0,37,5.6
11-03-2012,11.5,21.8,0.9,0,35,7.6
12-03-2012,12.2,23.4,1.4,0,35,6.9
13-03-2012,12.7,23.6,2.3,0,32,6.3
14-03-2012,13.7,25.4,2.3,0,29,5
15-03-2012,14.6,24.8,4.2,0,27,5.4
16-03-2012,12.8,19,6,0,40,10.4
17-03-2012,10.3,16.9,2.2,0,59,18.7
18-03-2012,9.3,14,3.7,0,41,15.9
19-03-2012,7.9,14.3,1,0,40,15.9
20-03-2012,7.1,12.4,0.4,0,44,15.7
21-03-2012,4.5,7,1.5,7.87,87,14.1
22-03-2012,8.3,15.1,1.5,3.56,68,4.4
23-03-2012,11.1,19.4,1.4,0,54,6.9
24-03-2012,12.4,21,4,0,48,6.5
25-03-2012,12.9,22.2,3.2,0,43,6.3
26-03-2012,12.6,20.6,3.5,0,37,8.5
27-03-2012,12.5,20.8,2.9,0,40,6.9
28-03-2012,13.2,22.6,3,0,38,6.9
29-03-2012,13.3,22.7,3,0,32,7
30-03-2012,14.3,23.4,2.8,0,30,6.5
31-03-2012,14,20.8,5.4,0,37,7.6
01-04-2012,15.2,22.6,7.4,0,44,7.8
02-04-2012,13.9,20.1,8.5,0,60,7.2
03-04-2012,11.9,17,10,0.51,79,7
04-04-2012,10.3,11.6,9,5.33,94,6.7
05-04-2012,9.6,13.9,7.8,6.1,85,10.4
06-04-2012,6.9,11.3,2.7,3.3,73,16.7
07-04-2012,7.6,12,3,0,72,15.6
08-04-2012,10.3,18.8,1,0,60,5.6
09-04-2012,14.2,22,3.9,0,47,9.1
10-04-2012,14.1,17.2,10.7,0,54,21.1
11-04-2012,11.9,16.1,7.3,0.51,50,17.4
12-04-2012,11.8,15.8,8.8,0,64,9.1
13-04-2012,10.3,14.9,5.8,0,66,16.7
14-04-2012,9.3,15.2,5,0,68,23.5
15-04-2012,8.4,13,4,1.27,54,23.2
16-04-2012,8.2,12.2,5,0,41,31.9
17-04-2012,11.4,20,0.8,0,41,12.8
18-04-2012,10.7,14.5,6.9,0,55,26.3
19-04-2012,11.4,16.4,7.9,0,59,26.3
20-04-2012,13.6,19,9,0,54,23
21-04-2012,14.6,20,8.2,0,58,16.1
22-04-2012,13.9,19.6,7,0.25,46,15.4
23-04-2012,12.9,20.1,3.8,0,51,18.9
24-04-2012,12.7,18,7.2,0,38,18.7
25-04-2012,13.4,19.2,7.2,0,49,21.3
26-04-2012,12.7,17,9,0,76,14.8
27-04-2012,13.1,20.2,7.9,0.25,76,12
28-04-2012,9.6,11.1,6.8,5.59,81,15.9
29-04-2012,8.2,13.2,6,4.06,82,13.3
30-04-2012,9,14.8,5,3.3,74,13.5
01-05-2012,9.4,15,3.4,1.27,71,7.6
02-05-2012,11.9,19,4.4,0,59,9.6
03-05-2012,12.1,18,5.6,0,73,12.2
04-05-2012,11.9,16.4,9,8.38,81,17
05-05-2012,11.9,16.4,8.6,6.6,78,14.1
06-05-2012,13.2,19.1,8.1,2.29,71,8.5
07-05-2012,14.3,20,6,0,64,10.9
08-05-2012,18.4,24,13.2,0,63,16.9
09-05-2012,19.2,27,10.1,0,52,6.5
10-05-2012,22.4,32,11.9,0,44,7.6
11-05-2012,24.3,33,13.8,0,41,5.9
12-05-2012,24.2,33,15.5,0,44,8.3
13-05-2012,24.9,33,15,0,36,13.7
14-05-2012,24.2,31,13.5,0,33,13.7
15-05-2012,21.7,29.3,14,0,31,10.4
16-05-2012,20.8,30,10.4,0,33,6.9
17-05-2012,22.9,30,15.3,0,43,10.6
18-05-2012,23.2,28,14.7,0,27,15.6
19-05-2012,16.7,20,10,0,56,20.7
20-05-2012,12,17.3,7.8,2.79,59,11.1
21-05-2012,13.2,19,6.5,0.25,46,15.9
22-05-2012,17.1,24,7.2,0,44,8
23-05-2012,20.5,29.3,9.1,0,39,7.8
24-05-2012,23.3,32,12.7,0,27,6.9
25-05-2012,24.1,32,14.3,0,29,12
26-05-2012,21,26,14.5,0,24,16.1
27-05-2012,19.9,28,10.1,0,27,7.8
28-05-2012,23.5,30.3,13.3,0,24,8.7
29-05-2012,23.4,30,14.6,0,28,9.3
30-05-2012,23.8,32,13.9,0,25,6.1
31-05-2012,26,35,14.5,0,24,8.5
01-06-2012,26.7,35,15.8,0,23,8
02-06-2012,24.7,31,16.8,0,37,14.3
03-06-2012,23.9,28.4,18.6,0,37,13.1
04-06-2012,23.5,30.7,12.7,0,31,6.5
05-06-2012,25.5,33,15.6,0,31,11.1
06-06-2012,25.7,32,17.2,0,37,15.2
07-06-2012,24,27.2,20.4,0,40,24.6
08-06-2012,20.8,25.2,13.8,0,34,9.1
09-06-2012,20.6,28,10.1,0,33,12
10-06-2012,23.9,30,17.3,0,41,20.2
11-06-2012,21.6,27,16.5,0,33,25.6
12-06-2012,18.8,25,12.5,0,35,14.4
13-06-2012,20.4,28.6,10.8,0,29,6.7
14-06-2012,23.7,31,13.6,0,27,14.6
15-06-2012,25.4,32,16.1,0,28,17.6
16-06-2012,25.1,32.1,14.3,0,26,13.7
17-06-2012,26.1,33,16.5,0,27,13.3
18-06-2012,24.8,32.6,15,0,32,7
19-06-2012,21.9,25,16,0,63,9.6
20-06-2012,22.7,30.9,13,0,37,11.1
21-06-2012,25.1,30.2,19.6,0,31,17.4
22-06-2012,25.2,32.3,14.7,0,22,9.8
23-06-2012,27.1,35.2,16.9,0,21,8
24-06-2012,28.6,37.4,16.9,0,20,5.9
25-06-2012,30.9,38.5,21.8,0,21,8.7
26-06-2012,31.9,40,22,0,20,8.3
27-06-2012,31.6,38,22.2,0,19,10.2
28-06-2012,31.2,36,23.2,0,19,18.9
29-06-2012,27.2,31,20.9,0,25,21.1
30-06-2012,23.1,28,18,0,28,16.7
01-07-2012,21.5,27,15.6,0,29,14.3
02-07-2012,22.2,31,11.6,0,24,7
03-07-2012,26.2,34,15.5,0,20,10.4
04-07-2012,26.5,32,16.7,0,26,12.4
05-07-2012,23.9,29,16.4,0,28,13
06-07-2012,24.1,31,14.6,0,28,9.4
07-07-2012,25.6,33,14.9,0,27,18.7
08-07-2012,25.4,33,15.1,0,25,9.6
09-07-2012,25.9,33,14.4,0,19,15.2
10-07-2012,25.2,31.2,14.3,0,18,16.5
11-07-2012,24.3,32,13.3,0,23,13
12-07-2012,25.1,33,13.8,0,24,11.7
13-07-2012,27.5,36,14.7,0,18,16.3
14-07-2012,25.9,32,19.3,0,27,10.7
15-07-2012,24.3,32.2,15.2,0,26,8
16-07-2012,26.1,34,17.9,0,30,9.6
17-07-2012,29.2,37,18.6,0,18,7.8
18-07-2012,29.9,37,18.8,0,19,7.6
19-07-2012,30.1,39,18.6,0,15,10.2
20-07-2012,28.2,36,17.4,0,19,12.4
21-07-2012,27.8,35,19.4,0,28,12
22-07-2012,27.5,35.1,18.9,0,22,10.6
23-07-2012,27.5,35.5,16.3,0,18,8.1
24-07-2012,27.8,35,19.5,0,34,9.4
25-07-2012,27.8,36,20,0,34,13.3
26-07-2012,26.4,35.2,19.2,1.52,45,11.9
27-07-2012,24.2,33,17.7,4.57,52,9.4
28-07-2012,24.9,31.6,16.6,0,44,8.7
29-07-2012,26.3,33.1,16.3,0,30,8.5
30-07-2012,28.1,36,16.7,0,25,10
31-07-2012,28.3,37,16.3,0,18,13.3
01-08-2012,27.2,36,14.6,0,15,17.6
02-08-2012,26.8,35.1,15.3,0,20,10.9
03-08-2012,28,35,17.6,0,21,9.8
04-08-2012,27.3,34,16.6,0,23,10.9
05-08-2012,23.9,30.1,15.6,0,33,14.6
06-08-2012,22.6,29.5,14,0,37,6.9
07-08-2012,25.6,34,16.7,0,36,10.7
08-08-2012,27.9,35,19,0,32,8.7
09-08-2012,30.7,40,19.3,0,23,9.8
10-08-2012,31.7,42,20.5,0,19,10.6
11-08-2012,31.1,40,20.5,0,15,17
12-08-2012,27.4,33,18.4,0,20,11.1
13-08-2012,26.2,32,16.8,0,22,9.6
14-08-2012,26.5,32.5,16.5,0,26,13.7
15-08-2012,24,27,20.4,0,45,19.8
16-08-2012,25.3,33,16.1,0,43,7.8
17-08-2012,29.3,39,18,0,27,7.4
18-08-2012,30.9,39,20.2,0,23,8.1
19-08-2012,31.3,36,25.8,0,26,9.4
20-08-2012,30.8,38,21.8,0,24,8.1
21-08-2012,30.8,38,20.2,0,20,10.4
22-08-2012,30.1,38,19,0,21,10.2
23-08-2012,28.2,35,17.6,0,21,15.7
24-08-2012,25.8,32,15.3,0,26,13.3
25-08-2012,26.2,32,19.5,0,29,11.9
26-08-2012,24.6,32,15.8,0,26,8.1
27-08-2012,25.8,34,16.2,0,24,10.7
28-08-2012,25.6,33,14.3,0,20,9.3
29-08-2012,26.5,32,17,0,29,12.6
30-08-2012,25.1,31.3,17,0,27,12.8
31-08-2012,20.2,28,12.6,0,30,15.9
01-09-2012,19.4,27.2,9.9,0,29,10.6
02-09-2012,19.7,27,11,0,24,12.8
03-09-2012,20.9,29,13.8,0,33,16.5
04-09-2012,21.9,29,14.6,0,37,11.1
05-09-2012,23.2,31.2,14.4,0,35,6.5
06-09-2012,24.6,32.1,16,0,32,4.6
07-09-2012,25.2,32.2,16,0,30,7
08-09-2012,24.6,33,16.3,0,35,7.4
09-09-2012,23.7,30.1,15.5,0.51,41,8.5
10-09-2012,22.9,28.6,16.4,0,36,9.1
11-09-2012,23.1,31,12.8,0,32,5.2
12-09-2012,24.4,33,14.1,0,31,9.8
13-09-2012,20.6,26,14.1,0,40,17.4
14-09-2012,21.5,32,9.8,0,25,6.9
15-09-2012,24.1,34,13.1,0,19,7.4
16-09-2012,24.4,34,12,0,19,8.5
17-09-2012,24.3,31,15.5,0,25,9.1
18-09-2012,22.7,31,14.2,0,33,6.9
19-09-2012,23.9,31,17.4,0,42,9.8
20-09-2012,23.9,29.3,18.4,0,48,9.1
21-09-2012,23.8,30,17,0,50,8.3
22-09-2012,24.1,31,16.6,0,41,7.6
23-09-2012,20.7,28,15.7,0,52,20.2
24-09-2012,18.6,23,14.7,1.52,55,23
25-09-2012,16.8,19.5,12.4,0,58,25
26-09-2012,15.5,20,11.2,5.59,56,15.4
27-09-2012,14.6,18,9.2,0.51,63,6.3
28-09-2012,15.4,17,13,10.41,95,10.6
29-09-2012,15.9,20,11.9,37.85,75,13.3
30-09-2012,14.6,20,8,0.25,62,6.1
01-10-2012,15.5,23,7.8,0,62,5
02-10-2012,16.4,24,8.6,0,60,6.5
03-10-2012,17.3,25,8.9,0,57,5.7
04-10-2012,17.8,26,9.3,0,52,4.6
05-10-2012,18.1,27,9.4,0,49,5.2
06-10-2012,17.9,24,9.5,0,58,8
07-10-2012,20.4,28.5,12.7,0,57,2.8
08-10-2012,21.3,29,13.8,0,55,7.2
09-10-2012,21.3,29,12.5,0,57,5.9
10-10-2012,21.4,27,14.6,0,64,9.8
11-10-2012,20.2,24,17.6,0,63,18.7
12-10-2012,16.9,20,13.6,0,77,4.4
13-10-2012,16.6,21,10.8,4.06,58,7.2
14-10-2012,13.9,19,8,0,63,13.5
15-10-2012,12.4,18,5.8,1.78,53,8.9
16-10-2012,12.3,20,5,0,58,6.7
17-10-2012,14.2,23,4.7,0,53,9.4
18-10-2012,17.6,21,12.8,0,55,12.6
19-10-2012,13.1,14,11.2,3.56,82,9.4
20-10-2012,14,18,11,0.51,79,6.1
21-10-2012,12.3,14,9.1,1.52,84,4.3
22-10-2012,12.4,19.2,7.8,2.54,80,3.5
23-10-2012,15,22,8.9,0,72,3.5
24-10-2012,14.3,19,9.6,0,85,5.9
25-10-2012,15,18,12.5,0.76,86,10
26-10-2012,14.5,18,10.9,7.11,79,10.4
27-10-2012,12.5,17.7,6.4,0,70,17.4
28-10-2012,7.3,12,3.4,0,56,13.7
29-10-2012,6.3,13.3,-0.3,0,66,5.2
30-10-2012,6.9,9,4.2,0,88,7.8
31-10-2012,8.7,12,3.5,12.7,81,11.5
01-11-2012,11.1,16,2.9,0,74,21.3
02-11-2012,12.8,16,8.9,0,77,19.4
03-11-2012,11.6,13,9.5,6.35,95,3.7
04-11-2012,12.9,14,10,13.21,91,7.6
05-11-2012,9.3,14,2.1,8.38,61,8
06-11-2012,8.9,14,5,0,67,11.3
07-11-2012,7,11,3,0,72,11.5
08-11-2012,11.4,13,7.4,4.32,97,5.9
09-11-2012,13.3,16,10.8,8.89,92,7.8
10-11-2012,10.9,14,8.3,0.51,85,17
11-11-2012,8.2,11.5,5,0.25,64,18.7
12-11-2012,8.2,14,3.2,0,60,10
13-11-2012,8.9,17,0.8,0,56,11.5
14-11-2012,13.8,20,7.1,0,72,6.3
15-11-2012,12.8,17,8.2,0,83,5.7
16-11-2012,13,17,9.8,0,84,3.5
17-11-2012,11.6,13,9.7,0,92,7.2
18-11-2012,11.4,16,7.3,0.25,80,7.4
19-11-2012,9.4,16,3.3,0,80,5.4
20-11-2012,8.3,12,4,0,95,4.1
21-11-2012,10,14,7.6,0,81,4.8
22-11-2012,8.7,15.3,3.9,0,76,8.3
23-11-2012,9.3,15,4,0,84,5.4
24-11-2012,10,15,6.4,0,85,3.1
25-11-2012,11.8,15,8.8,0,85,2
26-11-2012,10.5,13,6.5,0,76,8.9
27-11-2012,5.1,9,0,0.25,69,7.6
28-11-2012,3.9,9.3,-2,0,72,12.4
29-11-2012,6,9.3,2,0,57,12.6
30-11-2012,5.4,9.5,2,0,64,7.8
01-12-2012,3.2,8.7,-1.9,0,56,11.5
02-12-2012,2.1,9.6,-4.4,0,66,4.3
03-12-2012,3.5,11.3,-3.1,0,71,3.9
04-12-2012,6.8,13.4,-0.2,0,65,16.5
05-12-2012,6.9,11,2,0,57,16.9
06-12-2012,3.2,9.3,-2,0,81,3.9
07-12-2012,5.3,9,2.2,0,92,3.7
08-12-2012,6.8,11.2,1.6,0.51,66,12.8
09-12-2012,2.2,11.5,-3.1,0,76,5.6
10-12-2012,0.8,7,-3.4,0,85,3.7
11-12-2012,2.3,11,-4,0,76,6.3
12-12-2012,2.3,10,-3,0,83,3.5
13-12-2012,3.8,8,-1.1,0,88,8
14-12-2012,10.1,12.1,6.3,0.25,88,21.3
15-12-2012,12.1,14,10.2,1.02,82,24.4
16-12-2012,11.5,13.3,8.9,0,86,21.3
17-12-2012,11.2,14,2.6,0,63,14.3
18-12-2012,5.7,8.2,1.9,0,95,5
19-12-2012,8.6,10,7,0,96,4.6
20-12-2012,10.8,14,7.7,0.51,83,13.9
21-12-2012,11.7,16,9,0,83,22.2
22-12-2012,10.1,12,7.9,0,94,4.8
23-12-2012,9.6,14,4.8,0,88,7.2
24-12-2012,6.8,15.1,1.2,0,81,4.8
25-12-2012,7.5,12,3.7,0,85,7
26-12-2012,6.3,12,0.9,0,77,5.6
27-12-2012,1.1,5.8,-2.3,0,97,5
28-12-2012,3.8,13.1,-2,0,89,4.4
29-12-2012,1.6,5,-2.4,0,99,5.2
30-12-2012,2.6,4,0.1,0,99,3.1
31-12-2012,2.3,4,1,0,98,5.6
01-01-2013,5.3,9.9,1.9,1.52,94,4.3
02-01-2013,5.7,11.2,0.1,0,75,14.8
03-01-2013,5.4,13,0,0,62,4.8
04-01-2013,3.4,12.6,-3.1,0,67,4.3
05-01-2013,2.9,12.1,-3.3,0,79,4.6
06-01-2013,2.6,11,-4,0,84,4.8
07-01-2013,1.3,4,-2,0,99,4.3
08-01-2013,1.4,3.3,0.5,0,98,5.2
09-01-2013,2.7,5,0.5,0,89,3.7
10-01-2013,5.9,11.2,3.6,0,95,3
11-01-2013,7.1,9,3.7,0,89,4.6
12-01-2013,8.1,12.2,3,0,82,17.2
13-01-2013,5.7,8.3,3.3,1.78,66,20.2
14-01-2013,5.8,10.1,0.3,0,62,13.5
15-01-2013,7.1,11,2.5,0,60,22.8
16-01-2013,7.8,10.3,5.8,0,76,23.3
17-01-2013,9.7,13,5.5,0.76,68,15.4
18-01-2013,11.6,13.2,8.6,0,86,27.8
19-01-2013,8.7,11,5.5,2.79,84,25.4
20-01-2013,6.3,9,2.2,4.83,68,18.7
21-01-2013,6.8,9,4,0.51,59,20.2
22-01-2013,3.3,5.3,-0.3,0,80,15.4
23-01-2013,4.6,8,-0.3,3.05,66,20.4
24-01-2013,8.4,12.5,2.6,0,63,18.7
25-01-2013,5.2,11,0,0,78,5.9
26-01-2013,9.3,18.1,2,0,53,9.1
27-01-2013,5.9,10,0.9,0,81,11.7
28-01-2013,6.2,13.2,1,0.51,65,9.1
29-01-2013,3.4,12.2,-2,0,82,3.7
30-01-2013,5.5,14.2,-1,0,81,3.5
31-01-2013,6.8,15.8,0,0,82,4.6
01-02-2013,7.1,14,0.5,0,86,11.9
02-02-2013,7.3,11,4,0.76,60,27.4
03-02-2013,6.3,10,3,0,52,24.1
04-02-2013,6.1,15.7,-1.6,0,65,4.4
05-02-2013,7.5,16.2,-0.4,0,67,8.9
06-02-2013,7.4,11.3,3.9,0,50,25.4
07-02-2013,5.5,9.8,1.9,0,49,12.6
08-02-2013,4.8,10.4,-1,0,57,12.6
09-02-2013,5.8,11,-1,0,56,8.9
10-02-2013,3.9,10.3,-2,0,73,18.7
11-02-2013,5.3,8.4,2.9,2.29,56,24.1
12-02-2013,5,11.3,-2.3,0,55,10.6
13-02-2013,8.2,15.3,1,0,66,4.1
14-02-2013,7.4,15.6,-0.1,0,71,4.4
15-02-2013,7.2,16.1,-0.4,0,69,5.2
16-02-2013,6.4,14,-0.4,0,77,5.2
17-02-2013,6.3,11.2,0.5,0,85,8.5
18-02-2013,8.9,13.1,6,0.25,81,6.5
19-02-2013,8.7,11.4,4.5,0,87,12.4
20-02-2013,10.3,14,7.4,1.78,79,8
21-02-2013,8.9,11,6.9,0,81,13.3
22-02-2013,8.9,13,5.5,1.52,81,18.1
23-02-2013,3.7,6,0.6,2.79,59,23.2
24-02-2013,2.7,9,-2.4,0,59,10.9
25-02-2013,3.4,8,0,0.25,52,15.9
26-02-2013,3.8,9,-2.1,0,55,8.5
27-02-2013,3.8,6.4,1.4,0,67,7.2
28-02-2013,4.1,6,2,0,72,20.2
01-03-2013,7.3,13.5,2.2,0.76,55,11.1
02-03-2013,5.6,14.2,-2.7,0,62,3.5
03-03-2013,8.6,14.2,3,0,63,9.1
04-03-2013,8.7,13.5,4.7,0,73,12.2
05-03-2013,10,14,7.7,9.4,94,7.2
06-03-2013,11.2,15.1,7,8.13,85,13.3
07-03-2013,12.2,16.4,9.8,0.76,88,20.7
08-03-2013,9.8,11.2,8,10.67,90,13.3
09-03-2013,10.2,15,6.9,9.14,77,14.8
10-03-2013,8.7,13,6.6,5.08,76,21.9
11-03-2013,8.8,13,5.9,0,74,25.6
12-03-2013,8.5,12,4.6,0,63,17.2
13-03-2013,4.7,7.3,2.3,0,51,24.8
14-03-2013,5.8,10.4,-1,0,49,13
15-03-2013,6.8,13.1,-1.1,0,51,5.9
16-03-2013,8.2,11,6,0,65,10.7
17-03-2013,8.3,11,5.7,0.76,90,8.3
18-03-2013,8.5,13.3,4,4.32,56,18.3
19-03-2013,6.1,12.4,0,0,88,7.6
20-03-2013,9.2,14.7,3.7,2.03,66,8.3
21-03-2013,8.3,15.4,0.6,0,69,7
22-03-2013,8.1,13,2,0,84,10.4
23-03-2013,8.9,14.5,4.5,0.76,79,8
24-03-2013,9.6,14.1,6.8,5.59,77,13
25-03-2013,9.4,12,5,4.06,79,23
26-03-2013,12.1,15,8.9,0.51,89,23.2
27-03-2013,12.6,16.1,9,7.62,80,17.4
28-03-2013,13.1,16.4,10,0,73,21.3
29-03-2013,12.4,16,9.8,0.51,88,24.6
30-03-2013,13.6,17.6,9.9,2.29,55,21.3
31-03-2013,11.2,15.8,7,0,81,13
01-04-2013,10.8,13.7,8.3,6.86,69,15.9
02-04-2013,9.9,15,5.2,5.59,67,16.3
03-04-2013,8.1,15,3,0.25,83,7.2
04-04-2013,9.8,14.4,6,6.1,77,12
05-04-2013,7.1,10,3,0.76,67,16.5
06-04-2013,5.8,10.6,0,0,56,11.5
07-04-2013,6.7,13.4,-1.8,0,63,7.2
08-04-2013,11.4,15,8,0,60,19.6
09-04-2013,11.3,15,7,0,71,26.7
10-04-2013,13.6,18,9,0,74,18.5
11-04-2013,14.1,17.5,11.1,0,72,22.4
12-04-2013,12,17,5.4,0,63,15.2
13-04-2013,12.7,22.7,3.2,0,58,4.8
14-04-2013,16.6,26,6.1,0,49,9.1
15-04-2013,17.9,25,9.4,0,55,8.5
16-04-2013,17.9,26,9,0,57,6.9
17-04-2013,19.3,29,9,0,50,8.7
18-04-2013,19.2,28,8.3,0,47,9.3
19-04-2013,13.8,19,7,0,54,16.7
20-04-2013,11.5,20,2.4,0,37,10.6
21-04-2013,13.1,21.2,2.4,0,36,7.8
22-04-2013,14,19.9,9.1,0,34,13.3
23-04-2013,13.6,22,5,0,47,7
24-04-2013,14.6,22.6,4.9,0,47,7
25-04-2013,14.7,21.2,6.1,0,54,13.7
26-04-2013,15.4,19.3,11,0,69,9.8
27-04-2013,9.7,14.3,5.1,6.6,60,18.3
28-04-2013,6.1,9,2.7,0,62,20.9
29-04-2013,7.1,12.1,3,8.89,81,14.8
30-04-2013,8.9,14.3,6,1.27,73,6.5
01-05-2013,10,15.5,6.2,2.79,79,5.6
02-05-2013,10.9,17.4,1.9,0,65,7.4
03-05-2013,12.7,19.8,4.8,0,56,8
04-05-2013,14.7,22,5,0,50,5.9
05-05-2013,16.1,24,5.3,0,45,6.7
06-05-2013,16.9,25,6.9,0,46,14.1
07-05-2013,19.4,24,13.5,0,49,11.9
08-05-2013,20.4,25.5,15.1,0,47,9.3
09-05-2013,19,26,13.1,0,59,15.4
10-05-2013,19.4,25.1,13.2,0,53,8.3
11-05-2013,18.3,25.5,9.3,0,40,8.1
12-05-2013,18,26.1,8.8,0,35,9.1
13-05-2013,19.2,27.6,8.1,0,40,6.9
14-05-2013,16.8,24.3,13,0,69,12
15-05-2013,11.7,14,5.7,3.81,77,9.6
16-05-2013,10.3,15.4,3.4,0.51,57,14.3
17-05-2013,8.8,10.9,6.9,0.51,76,15.6
18-05-2013,9.6,14,6,6.35,69,17
19-05-2013,9.9,15.3,4.9,2.79,63,10.4
20-05-2013,9.9,16.9,2.4,4.57,69,7.2
21-05-2013,12.3,19,4.2,0.51,60,12.6
22-05-2013,16.1,24,7.1,0,50,11.5
23-05-2013,15.6,24.3,6.6,0,47,8.3
24-05-2013,16.1,24.2,7.2,0,40,8.3
25-05-2013,16.8,26.2,4.5,0,33,7.8
26-05-2013,15.6,25.3,7.9,0,55,11.3
27-05-2013,14.9,21.7,8.4,0.51,60,10.4
28-05-2013,16.1,20.4,11.8,1.52,41,19.6
29-05-2013,13.2,19.3,7.4,0,45,16.7
30-05-2013,13.3,21,5.5,5.33,57,8.1
31-05-2013,14.1,20.1,6,0,48,18.7
01-06-2013,16.4,24.3,7.9,0,43,12.4
02-06-2013,17.2,24.3,9.5,0,45,15.2
03-06-2013,18.9,27.1,9.8,0,39,8.1
04-06-2013,21.2,29.6,9.9,0,34,8.7
05-06-2013,21.7,30.6,12.7,0,38,9.3
06-06-2013,21.3,26.6,15.3,1.78,47,16.9
07-06-2013,17.3,21.2,12.6,0,55,15
08-06-2013,15.2,21.1,10.2,0,55,16.5
09-06-2013,16.1,23.1,11.3,0,64,14.3
10-06-2013,19,26.1,11.2,1.27,59,10.9
11-06-2013,21.9,30.2,12.2,0,48,7.2
12-06-2013,25.4,33.1,13.9,0,41,7.4
13-06-2013,27.1,34,16.5,0,36,13.7
14-06-2013,26.7,34,16.2,0,34,13.9
15-06-2013,26.6,35,14.8,0,24,10.4
16-06-2013,26.6,36,14.1,0,24,13
17-06-2013,21.4,25.3,16.7,0,36,18.9
18-06-2013,16.4,21.8,11,0,46,14.1
19-06-2013,15.6,20.8,9.6,0,53,8.7
20-06-2013,19.6,28,9.7,0,42,6.3
21-06-2013,21.6,29.3,14,0,40,6.7
22-06-2013,23.1,32,12.6,0,41,5.9
23-06-2013,24.4,33.2,15.8,0,33,11.7
24-06-2013,22.1,32.4,10,0,21,11.3
25-06-2013,24.8,33.5,14,0,20,8.5
26-06-2013,24.7,33.1,16,0,26,9.8
27-06-2013,24.7,33.3,16,0,32,8.1
28-06-2013,24.2,32.1,14.8,0,23,11.7
29-06-2013,25.1,33.5,16,0,30,10.4
30-06-2013,26.7,35,15.6,0,25,6.1
01-07-2013,26.4,35,17.3,0,28,10.4
02-07-2013,27.1,34,20.3,0,31,9.6
03-07-2013,27.8,36,16.9,0,29,8.7
04-07-2013,29.1,37,20.4,0,32,13.1
05-07-2013,29.9,37.8,19.9,0,24,8
06-07-2013,30.1,37.1,20.8,0,26,6.7
07-07-2013,29.9,38.1,19.7,0,24,6.9
08-07-2013,30,38.3,19.3,0,22,6.7
09-07-2013,28.8,36.8,20.1,0,30,8.9
10-07-2013,26.9,36.1,17.8,0.51,34,10.2
11-07-2013,28,36.6,19,0,30,8.5
12-07-2013,29.7,36.6,21.3,0,26,10.6
13-07-2013,27.7,35,17.9,0,23,9.8
14-07-2013,27.1,34,19.4,0,31,11.9
15-07-2013,26.9,34.6,18.5,0,34,9.1
16-07-2013,27.9,35.2,19.3,0,31,8.3
17-07-2013,27.4,35.9,19.4,0,34,10.4
18-07-2013,26.6,35.5,18,0,35,10
19-07-2013,28.6,36,18.8,0,28,9.3
20-07-2013,28.8,36.1,19.6,0,29,8.3
21-07-2013,25.6,33.5,19.3,0,41,9.8
22-07-2013,26.3,34.6,15.5,0,39,8.9
23-07-2013,28.4,34.2,19.4,0,29,11.5
24-07-2013,28.6,36,17.9,0,25,8.1
25-07-2013,29.1,37,17.7,0,26,11.7
26-07-2013,28.5,35.4,18.1,0,28,13.1
27-07-2013,22.7,25,19.9,0,40,15.6
28-07-2013,22.6,27.2,17,0,37,17.4
29-07-2013,22.2,30.3,11.6,0,34,5.7
30-07-2013,25.7,35,13.8,0,23,5.7
31-07-2013,28.6,38,17.4,0,22,12.6
01-08-2013,30.1,39,18.5,0,22,10.9
02-08-2013,29.4,35,22,0,28,15.2
03-08-2013,26.9,35,17,0,22,11.7
04-08-2013,26.3,36,14.5,0,20,7
05-08-2013,27.3,36,15.5,0,21,11.9
06-08-2013,26.9,33,18,0,26,13.9
07-08-2013,25.4,31,19,0.25,34,12
08-08-2013,22.9,31,14.5,0,35,8.7
09-08-2013,24.9,34.2,15,0,32,7.2
10-08-2013,28.8,37,18.1,0,25,7.2
11-08-2013,29.6,38,19,0,21,6.1
12-08-2013,28.5,37,21.4,0,29,10
13-08-2013,28.3,35.4,20.3,1.02,33,8.9
14-08-2013,28.8,36,20.3,0,30,7
15-08-2013,29,36,21,0,33,7.6
16-08-2013,29.1,37,21.4,0,28,13
17-08-2013,27.6,35.1,18.3,0,32,7.4
18-08-2013,28.4,36,20,0,33,5.6
19-08-2013,29.4,38,18.9,0,28,8.5
20-08-2013,29.2,37.3,20.3,0,32,8.5
21-08-2013,29.8,38,19.2,0,26,8.5
22-08-2013,28.2,36.1,18.2,0,22,10
23-08-2013,26.3,35.4,16.5,0,22,6.3
24-08-2013,26.6,34.5,18.3,0,37,8.9
25-08-2013,24.7,34,17,0,36,12.4
26-08-2013,24.4,31.8,17.5,0,41,11.1
27-08-2013,24.2,31.8,17,0,40,9.1
28-08-2013,21.7,29.3,18,0,49,10.4
29-08-2013,20.8,28.4,15.6,6.35,50,9.4
30-08-2013,22.5,30.2,14,0,43,8.7
31-08-2013,23.3,32,14,0,37,5.7
01-09-2013,24.3,32.2,16,0,33,8.9
02-09-2013,25.3,33,15.9,0,32,5.7
03-09-2013,25,34,15.2,0,30,6.9
04-09-2013,24.9,32.5,15.7,0,29,8.5
05-09-2013,23.8,30.2,16.8,0,44,8.9
06-09-2013,23,30,17.9,0,45,9.3
07-09-2013,21.2,27.4,15.6,0,48,12.4
08-09-2013,20.8,28.3,14.6,3.3,54,8.1
09-09-2013,21.2,29.3,12.4,0,34,7.4
10-09-2013,22.7,31,13.6,0,36,6.3
11-09-2013,19.1,26,13,0,51,11.9
12-09-2013,19.1,28,11,1.78,44,7
13-09-2013,21.8,30,12.7,0,39,7.6
14-09-2013,21.9,31,12.9,0,37,7.2
15-09-2013,22.6,31,12.3,0,37,7.8
16-09-2013,22.7,31.4,12.7,0,31,7.6
17-09-2013,22.2,30.6,14,0,35,6.3
18-09-2013,22.4,30.1,13.3,0,36,6.9
19-09-2013,22.7,30,15.3,0,37,8.3
20-09-2013,22.2,31,13,0,40,8.3
21-09-2013,23.6,31,17,0,35,7.6
22-09-2013,22.9,31.4,13.6,0,38,6.7
23-09-2013,23.3,32,14.2,0,40,7
24-09-2013,23.2,32,14.2,0,39,6.5
25-09-2013,23.3,31,14.2,0,41,7.8
26-09-2013,22.8,31.4,14,0,42,5.7
27-09-2013,23.1,27,19,0,47,14.3
28-09-2013,19.3,23,16,9.91,67,19.1
29-09-2013,18.4,22.1,15.5,2.03,74,23
30-09-2013,19.3,22.6,16.7,0,82,12.6
01-10-2013,21.1,25,18,1.27,70,17.8
02-10-2013,20.6,26.1,15.5,0,71,5.2
03-10-2013,21.1,25,17.5,0.25,72,9.4
04-10-2013,20,24.1,14.8,4.83,70,11.7
05-10-2013,17.7,25,10.6,1.78,59,4.8
06-10-2013,18.1,24.4,11,0,51,7.4
07-10-2013,17.1,24.7,10,0,49,7.6
08-10-2013,16.9,26,8.6,0,55,4.6
09-10-2013,17.6,26,10.5,0,53,4.6
10-10-2013,17.1,26.2,9,0,52,6.3
11-10-2013,16.2,24.6,9,0,49,7.8
12-10-2013,14.7,22.5,7,0,48,7.8
13-10-2013,12.9,19.8,6.6,0,67,6.3
14-10-2013,14.9,22.4,7.7,0,67,6.7
15-10-2013,16.9,23,10.5,0,69,8.5
16-10-2013,17.1,24.9,10.5,0,71,4.4
17-10-2013,18.2,26.9,11,0,62,5.7
18-10-2013,17.9,27,10,0,53,8.5
19-10-2013,17.5,22.2,13.9,0,67,8.9
20-10-2013,17.1,21,12,0,73,10.7
21-10-2013,15.1,21.6,9,0,69,6.5
22-10-2013,14.7,16,12,0,83,13.5
23-10-2013,15.9,20.3,13,1.78,79,10.6
24-10-2013,16.1,21,12,1.78,88,12.6
25-10-2013,15.9,18.1,14,0,96,8
26-10-2013,16.6,21,12,7.62,80,7.2
27-10-2013,14.6,21.3,8.7,0.25,75,5.7
28-10-2013,14.5,21.1,7.8,0,72,9.4
29-10-2013,11.5,16,7,0,57,12
30-10-2013,10.1,16.5,3.9,0,58,6.3
31-10-2013,9.2,19,1,0,58,2.6
01-11-2013,10.3,18,3,0,58,5.2
02-11-2013,12.1,19.2,5.7,0,76,6.9
03-11-2013,12,18,7.8,0,86,5.2
04-11-2013,13.1,16.2,9,0,80,19.4
05-11-2013,18.3,23.3,14,0,62,20.7
06-11-2013,15.2,23,8.6,0,75,5
07-11-2013,13.7,17.4,11,0,82,8.1
08-11-2013,12.4,16.3,8,0,79,9.8
09-11-2013,11.3,16.5,5.6,0,56,8.3
10-11-2013,11.8,19,6.9,0,65,5.4
11-11-2013,13,21.3,5.8,0,63,8.7
12-11-2013,13.8,22.2,6.9,0,66,7.2
13-11-2013,14.7,19.3,11,0,58,16.3
14-11-2013,11.7,18.8,6,0,51,11.3
15-11-2013,8.8,13.3,3,0,50,21.9
16-11-2013,4,8.2,2,0,78,7.4
17-11-2013,5.6,7.2,2.3,2.29,95,5.2
18-11-2013,6.9,12,2,10.16,81,10
19-11-2013,8.5,14.1,2,0.25,66,14.6
20-11-2013,6.2,11.2,1,0,53,12.8
21-11-2013,5.2,11.8,-2.3,0,61,13.7
22-11-2013,7.3,12,3.5,0,55,14.8
23-11-2013,5.9,11.4,0,0,54,13.1
24-11-2013,6.2,12.1,1,0,57,17.4
25-11-2013,6.6,15,-1,0,49,8.3
26-11-2013,4.1,12,-3,0,49,11.7
27-11-2013,4.7,12.2,-1,0,45,12.6
28-11-2013,3.9,10.3,0,0,64,9.3
29-11-2013,2.1,11.3,-5,0,65,4.8
30-11-2013,2.8,10.1,-4,0,72,11.7
01-12-2013,5.2,13.3,-1,0,47,9.1
02-12-2013,1.8,11.1,-5,0,57,6.5
03-12-2013,4.4,15.1,-3,0,61,4.4
04-12-2013,5.1,17.3,-2,0,71,4.1
05-12-2013,4.8,16.6,-3,0,68,4.3
06-12-2013,4.6,15.5,-3.1,0,57,7
07-12-2013,3.4,15.4,-4,0,54,5.2
08-12-2013,2.4,14.3,-5,0,61,3.9
09-12-2013,1.5,11.4,-5,0,74,5
10-12-2013,2.5,13.8,-5,0,72,4.8
11-12-2013,2.8,13.3,-4,0,72,5
12-12-2013,3,12.1,-4,0,77,5.2
13-12-2013,3.8,9.2,-1,0,90,2.4
14-12-2013,5.7,13.9,0.6,3.05,85,6.1
15-12-2013,4.8,15,-1,0,81,5
16-12-2013,5.8,16.5,-2,0,64,5.6
17-12-2013,3.9,10.7,-1,0,86,5.4
18-12-2013,6.3,10,2.8,0,93,5.6
19-12-2013,8.2,11.4,4.9,2.29,84,13.9
20-12-2013,5.7,10.1,0,13.21,61,21.3
21-12-2013,1.7,9.4,-4,0,74,4.8
22-12-2013,2.3,11.4,-3.2,0,76,4.4
23-12-2013,4,11.1,-2,0,77,5.9
24-12-2013,8.2,11,5.6,0,84,19.4
25-12-2013,8,11,5,17.78,82,21.9
26-12-2013,6.7,11.1,2.9,2.79,66,22.6
27-12-2013,10.2,13,7.8,0,90,23.9
28-12-2013,8.7,11,5,7.11,64,21.3
29-12-2013,3.6,10.4,-2,0,71,5.6
30-12-2013,2.3,8.5,-3,0,82,4.8
31-12-2013,4.9,8.5,2,0,91,7
01-01-2014,8.2,10,7,0,97,11.7
02-01-2014,10.9,13,8.9,4.83,95,19.1
03-01-2014,11.8,13.4,10.7,6.1,91,15.6
04-01-2014,8.6,11.2,4,7.62,80,25.9
05-01-2014,6.4,9.1,3.6,5.84,86,12.6
06-01-2014,9.3,12,6.6,0.51,84,8.3
07-01-2014,10.3,14.4,7,0,79,4.8
08-01-2014,7.9,15,3.9,0,81,4.4
09-01-2014,7.2,15,2,0,78,5.9
10-01-2014,7.7,15,1.8,0,74,4.8
11-01-2014,8,14.1,4,0,83,2.6
12-01-2014,5.4,8.4,2,0,98,3.1
13-01-2014,8.5,11.4,6,4.83,71,12.4
14-01-2014,9.2,13.1,6,0,80,21.9
15-01-2014,8.7,11,5.7,0,90,9.4
16-01-2014,8.5,10.4,5,2.79,83,16.7
17-01-2014,6.4,9.4,3,1.27,81,16.9
18-01-2014,6.9,10.1,5,7.11,87,11.7
19-01-2014,5.3,9,3,2.79,83,8.9
20-01-2014,6.4,10.5,3,3.81,59,16.5
21-01-2014,4.4,10,-2,0,84,9.4
22-01-2014,7.9,13,5,10.16,87,7.6
23-01-2014,7.4,12,3,5.59,60,18.3
24-01-2014,6.6,15,-1,0,72,9.4
25-01-2014,11.6,17.2,7,0,68,9.1
26-01-2014,10.4,17.2,3,0,74,10.6
27-01-2014,10.1,12.2,6.8,0,54,27.6
28-01-2014,6.8,8.9,4.6,0,68,26.5
29-01-2014,6.4,9.5,4,0.25,69,14.6
30-01-2014,6.4,11.5,1.1,1.27,56,14.1
31-01-2014,9.4,13.3,6,0,67,13.7
01-02-2014,9.4,13,4,0,61,24.8
02-02-2014,3.7,10.1,-2.1,0,61,7.4
03-02-2014,2.7,8.5,-2.2,0,76,11.5
04-02-2014,5.5,8.6,1,0.76,88,17.8
05-02-2014,9.5,12.8,7.3,4.57,77,24.4
06-02-2014,10.9,17.1,7.9,0,78,24.8
07-02-2014,7.4,10.3,5,2.54,77,22.6
08-02-2014,9.2,12.3,6.6,0.76,80,24.4
09-02-2014,4.7,8,3,0.25,89,13.7
10-02-2014,6.7,9.7,3.6,13.72,60,30.9
11-02-2014,4.1,6,1,0,84,13.1
12-02-2014,4.7,8,3,8.64,96,7.4
13-02-2014,11.1,17.4,4.6,0.25,85,13.9
14-02-2014,12.8,16.1,10,0.51,83,20.9
15-02-2014,8.2,10.1,6,5.84,85,13
16-02-2014,6.4,11.6,2,1.27,81,3.7
17-02-2014,4,11,-1,0,80,6.5
18-02-2014,6.6,12.7,3,0,69,7.4
19-02-2014,6.4,15.4,-1,0,65,3.1
20-02-2014,6.8,13.3,0,0,83,10.4
21-02-2014,8.8,12.5,3,0.76,53,13
22-02-2014,5.7,13.2,-2,0,68,8.3
23-02-2014,6.8,15.7,0.8,0,65,5.7
24-02-2014,7.4,11.6,3,0,73,12.4
25-02-2014,7.3,12,2,1.27,79,15.7
26-02-2014,8.3,12.7,5,0,49,16.5
27-02-2014,6.8,13,2,0.25,74,8.3
28-02-2014,9.8,15.5,2,0,65,25
01-03-2014,10.2,13.3,7,0,75,21.9
02-03-2014,13.5,17.4,9.6,0,68,23
03-03-2014,9.9,12.6,6.9,0,51,35.6
04-03-2014,9.3,13,6,0,53,27.4
05-03-2014,12,17.7,6,0,60,12.6
06-03-2014,11.8,22,2,0,54,5.7
07-03-2014,10.8,19.2,3,0,59,4.1
08-03-2014,11,20.8,2.4,0,48,5.7
09-03-2014,10.1,19.5,1,0,42,8.1
10-03-2014,10.1,20.5,0,0,47,5
11-03-2014,11.6,19.8,4,0,38,5.7
12-03-2014,10.3,18.6,2,0,51,6.1
13-03-2014,8.3,14.6,1.8,0,60,7.2
14-03-2014,8.6,17.6,1.9,0,60,5
15-03-2014,11.1,21.1,1,0,47,6.3
16-03-2014,13.9,24.6,3,0,41,6.1
17-03-2014,14.4,24,4.6,0,42,6.1
18-03-2014,14.4,24.8,4,0,46,4.6
19-03-2014,15.6,22.1,10,0,48,7.6
20-03-2014,14,23,6.9,0,55,7.8
21-03-2014,14.1,20.2,8.9,0,57,14.1
22-03-2014,12.7,16.5,8,0,54,24.6
23-03-2014,8.4,14.5,4.6,0,43,12
24-03-2014,7.7,14.3,-1,0,59,15
25-03-2014,9.1,14.9,5,0,54,26.9
26-03-2014,7.6,14,4,1.52,54,26.9
27-03-2014,6.8,13.6,-1,0,57,10
28-03-2014,9.4,16.5,3,0,57,15.9
29-03-2014,8.9,13.6,6.8,0,71,8
30-03-2014,9.9,14.8,7,13.97,75,11.7
31-03-2014,10.8,15.8,7,0.51,81,8
01-04-2014,13.9,20.2,8.8,0.25,57,19.8
02-04-2014,11.3,14,8,0,74,14.4
03-04-2014,11.3,16.4,7.8,12.45,62,17.8
04-04-2014,11.9,17.7,8,0,59,20.2
05-04-2014,14.3,20.8,11,0,80,8
06-04-2014,15.3,23.2,8,0,69,6.7
07-04-2014,17.1,25.5,8,0,60,9.1
08-04-2014,17.4,26,9,0,54,6.9
09-04-2014,18.3,27,9,0,49,6.7
10-04-2014,19.6,28,11,0,44,9.1
11-04-2014,18.6,27,10,0,47,8
12-04-2014,16.8,24.8,12,0,58,8.9
13-04-2014,16.8,25.5,8,0,56,5.2
14-04-2014,17.7,26.5,9,0,49,8
15-04-2014,19.1,27,13,0,48,8
16-04-2014,18.9,27.6,9,0,45,6.7
17-04-2014,19.9,28.9,11.7,0,43,8.3
18-04-2014,19.3,28.8,8,0,32,7
19-04-2014,17,24.5,9.7,0,58,15.9
20-04-2014,14.4,19.9,10,0,54,22
21-04-2014,12,14.3,10,6.35,85,8.3
22-04-2014,13.5,19.7,8,2.79,62,14.1
23-04-2014,14.6,20.7,6,0,59,13.5
24-04-2014,12.6,18,9,5.08,70,17.8
25-04-2014,12.1,18.4,7,0.51,48,21.3
26-04-2014,13.8,18.9,9,0,68,19.1
27-04-2014,14.7,21.3,7.8,0.51,42,15.9
28-04-2014,18.3,25.4,11,0,45,14.6
29-04-2014,17.4,25.9,8,0,46,7.2
30-04-2014,17.7,25.4,9.4,0,48,8.1
01-05-2014,18.3,27.3,9,0,44,7.6
02-05-2014,16.7,22.6,11,0,38,15.7
03-05-2014,15.3,23.9,5,0,41,14.1
04-05-2014,16.4,26.8,6,0,28,5.6
05-05-2014,18.8,29.1,7.9,0,33,8
06-05-2014,20.1,30,11,0,39,8.7
07-05-2014,20,27.6,14,0,39,2.8
08-05-2014,20.9,29.9,12.3,0,45,6.7
09-05-2014,22.8,31.1,13.8,0,41,8
10-05-2014,23.6,32.2,14.3,0,37,7
11-05-2014,22.3,29.4,14,0,35,7
12-05-2014,21.1,30.2,10.9,0,36,9.8
13-05-2014,17.2,24.3,10,0,39,14.1
14-05-2014,16.8,26.7,7,0,28,9.4
15-05-2014,19.2,28.3,9.5,0,30,7.8
16-05-2014,19.4,28,10,0,24,9.1
17-05-2014,18.9,27,10,0,25,8.9
18-05-2014,19.1,27.2,8,0,26,9.8
19-05-2014,18.8,23.8,14,0,41,18.5
20-05-2014,14.7,20.3,10.5,0.51,47,15
21-05-2014,13.3,18.9,9,0.51,60,25
22-05-2014,12.6,19,8,5.33,61,21.5
23-05-2014,14.6,20.5,11,0,47,18.3
24-05-2014,16.5,23.4,9,0.51,37,9.8
25-05-2014,17.3,23.9,10.6,0,41,15.7
26-05-2014,16.5,24,8.6,0,36,7.6
27-05-2014,18.3,24.5,13,0,38,10.7
28-05-2014,16.8,22.8,13,0.25,55,16.3
29-05-2014,17.6,24.1,10,0.51,49,9.6
30-05-2014,18.9,24.5,14,0,45,13.7
31-05-2014,16.2,22.6,9,0,44,16.7
01-06-2014,18.4,26.1,11,0,42,11.7
02-06-2014,19.2,28.3,9.7,0,33,7.8
03-06-2014,21.8,30.5,11,0,32,10.4
04-06-2014,23.1,29.5,15,0,34,13.7
05-06-2014,21.7,28.6,13.4,0,29,12.4
06-06-2014,23.2,30.8,13,0,32,15.6
07-06-2014,22.1,28.5,15.9,0,43,14.8
08-06-2014,22.4,30.7,12,0,38,10.6
09-06-2014,23.2,30.1,16.4,0,34,11.1
10-06-2014,22.6,30.2,13,0,36,7.2
11-06-2014,22.1,32.7,16.9,0,51,8
12-06-2014,24.2,33.7,15,9.65,46,5.9
13-06-2014,26.1,35.1,16,0,38,9.4
14-06-2014,25.9,34.5,19,0,30,14.1
15-06-2014,22.1,30.3,12.6,0,32,17.2
16-06-2014,19.7,27,12,0,35,15
17-06-2014,21.6,29.5,12,0,35,8.1
18-06-2014,24.2,32,15,0,30,10
19-06-2014,24.6,32.8,17.9,0,40,9.3
20-06-2014,24.9,31.2,18.8,1.78,46,9.4
21-06-2014,23.9,29.1,19,0,34,14.1
22-06-2014,22.8,29.2,14,0,37,6.9
23-06-2014,23.4,31.2,14.8,0,35,11.5
24-06-2014,18.4,22.9,16,2.29,63,9.3
25-06-2014,21.6,28.3,16,0,41,6.3
26-06-2014,22.7,29,15.7,1.52,46,9.3
27-06-2014,23.9,31.9,14.5,0,36,13
28-06-2014,23.8,31.1,14,0,33,20.2
29-06-2014,22.3,29.2,16,0,30,10
30-06-2014,23.1,30.9,13.6,0,25,11.3
01-07-2014,23.1,28.6,16,0,32,17.4
02-07-2014,21.1,28.2,14,0,38,10.2
03-07-2014,18.2,25,9,6.1,75,10.4
04-07-2014,21.3,30,12,20.83,51,7.2
05-07-2014,24.6,32.5,15,0,40,11.5
06-07-2014,22.3,26.9,18.5,0,48,17.4
07-07-2014,21.9,28.1,17,0,43,10.7
08-07-2014,22.5,31.2,13,0,37,6.7
09-07-2014,22.1,29.1,16,0,41,15.9
10-07-2014,20.9,30,12.9,0,32,11.3
11-07-2014,22.3,31.7,13,0,30,11.5
12-07-2014,20.4,28.2,14,0,42,8.9
13-07-2014,19.2,23,16,0,52,6.3
14-07-2014,27.9,35.9,18.5,0,29,8
15-07-2014,28.4,36.8,19.6,0,30,7.2
16-07-2014,29.7,38.5,19.5,0,27,6.3
17-07-2014,29.4,38.2,19.8,0,23,9.1
18-07-2014,28.9,36.7,21.6,0,24,16.7
19-07-2014,21.9,25,19,0,45,19.6
20-07-2014,21.8,27.7,17,0,42,12
21-07-2014,23.6,32.1,13.9,0,37,6.5
22-07-2014,26.9,35.3,17,0,29,8.1
23-07-2014,28.7,37.1,17.9,0,23,9.1
24-07-2014,29.2,36.2,20.9,0,27,10.4
25-07-2014,27.7,35.5,17.8,0,24,7.6
26-07-2014,28.1,36.3,19.7,0,25,7.2
27-07-2014,29.4,37,21,0,31,8.7
28-07-2014,28.6,36.2,20,0,31,13
29-07-2014,23.8,31,17.9,0,35,12.4
30-07-2014,24.1,33.1,15,0,33,10.2
31-07-2014,27.7,35.8,17.2,0,30,11.1
01-08-2014,25.5,29.4,20,0,38,19.1
02-08-2014,24.2,29.4,19.2,0,40,15.6
03-08-2014,24.4,30.4,17.5,0,41,10.2
04-08-2014,25.7,33,16.4,0,32,10.6
05-08-2014,27.5,34.5,20,0,33,7.8
06-08-2014,30.1,35.8,24,0,25,10.6
07-08-2014,31.1,35.6,24.5,0,25,10.9
08-08-2014,28.2,35.5,18.9,0,28,14.4
09-08-2014,26.7,34,18,0,32,12.6
10-08-2014,26.7,33.4,17.4,0,31,13.7
11-08-2014,26.9,34,17.3,0,35,7.8
12-08-2014,27.3,35,18.6,0,35,11.5
13-08-2014,24.8,30.2,19,0,33,13.9
14-08-2014,22.7,31.5,15,0,34,10.4
15-08-2014,24.4,33.3,14.8,0,28,7
16-08-2014,23.3,31.7,16,0,36,11.1
17-08-2014,24.6,34,14.6,0,37,5.7
18-08-2014,26.1,34.2,18.8,0,42,11.7
19-08-2014,25.7,33.5,17,0,29,12
20-08-2014,24.8,32.4,16,0,30,7.6
21-08-2014,24.5,31.5,15.1,0,34,12
22-08-2014,23.8,30,18.3,0,36,10.7
23-08-2014,23.3,32.1,14.4,0,36,8
24-08-2014,25.4,33.5,15.7,0,28,8
25-08-2014,26.4,35.2,15,0,22,12.2
26-08-2014,27.5,35.4,18,0,30,14.6
27-08-2014,27.5,35.5,19,0,36,6.1
28-08-2014,27.4,35.6,17,0,23,12.4
29-08-2014,27.7,34.3,20.6,0,29,6.7
30-08-2014,26.8,34,19,0,43,6.5
31-08-2014,27.2,35.3,19.6,0,45,6.9
01-09-2014,28.3,36.3,19,0,35,7.2
02-09-2014,29.2,38,19,0,27,10
03-09-2014,27.4,35,18.6,0,33,13.5
04-09-2014,25.5,31.9,19,0,40,12.8
05-09-2014,25.3,33.1,16.3,0,33,9.1
06-09-2014,24.2,31.2,16,0,37,9.4
07-09-2014,23.2,30,16,0,47,10.7
08-09-2014,22.9,30.9,15,0,50,8.3
09-09-2014,23.9,31.8,16,0,45,6.3
10-09-2014,25.1,31.8,17.4,0,37,10
11-09-2014,23.9,29.3,18.5,0,42,12.6
12-09-2014,23.4,31,14.6,0,44,7.2
13-09-2014,23.5,31.5,15.6,0,42,7.8
14-09-2014,22.7,29.7,14.7,0,41,12.2
15-09-2014,20.7,26.7,15,4.83,57,9.8
16-09-2014,21.3,28.6,14,0,45,15
17-09-2014,20.4,26.9,17,0,63,15.2
18-09-2014,19.3,26.2,15.8,0.76,66,13.1
19-09-2014,18.1,24.1,14.9,1.52,75,10.4
20-09-2014,19.3,26.6,13,0,62,6.5
21-09-2014,21.3,28.6,15,0,50,10.7
22-09-2014,18.9,25.6,14.5,9.91,68,8.3
23-09-2014,18.7,24.7,12,0,62,9.6
24-09-2014,17.4,22.6,14,0,69,7.6
25-09-2014,16.9,24.4,10,0,42,9.8
26-09-2014,17.6,25.9,10.9,0,53,4.6
27-09-2014,18.7,24.9,13,0,60,11.5
28-09-2014,18.8,22.2,16,0,70,3.7
29-09-2014,18.7,25.1,13.9,0,67,5.6
30-09-2014,18.5,27.1,11,0,55,4.6
01-10-2014,20.1,27.1,14,0,61,7
02-10-2014,20.6,27.8,15,0,61,4.4
03-10-2014,20,27.1,14,0,63,5.6
04-10-2014,19.3,27.1,11.7,0,57,6.7
05-10-2014,19.4,26.1,12.8,0,49,9.3
06-10-2014,17.7,25.4,9.8,0,56,10.6
07-10-2014,18,23.4,13,0,64,13
08-10-2014,18.8,25.3,13,0,65,12.8
09-10-2014,18.3,20,16,1.27,85,11.9
10-10-2014,17.1,20.8,15,48.01,83,7.2
11-10-2014,16.9,21.2,14,5.33,84,9.6
12-10-2014,15.6,20.2,12.9,13.21,72,20.6
13-10-2014,14.4,17.7,11,2.03,77,20.6
14-10-2014,12.6,16,9,9.4,78,11.5
15-10-2014,12.8,17,7.8,2.79,88,5.4
16-10-2014,18.2,22,15,0,75,13
17-10-2014,17.7,23,13.7,0,73,5.7
18-10-2014,17.7,27.1,11,0,67,6.3
19-10-2014,18.7,27.3,12,0,63,6.3
20-10-2014,18.4,27.3,11.6,0,59,4.8
21-10-2014,18.9,30,10,0,56,4.1
22-10-2014,18.6,25,13.6,0,36,7.8
23-10-2014,16.3,26,7,0,39,5.4
24-10-2014,18.9,28,11,0,48,7.2
25-10-2014,18.6,27.4,11,0,50,3.9
26-10-2014,17.2,28,9,0,53,4.4
27-10-2014,16.3,25.4,9,0,55,4.8
28-10-2014,14.6,23.4,8,0,70,4.6
29-10-2014,15.9,24.7,9,0,65,3.5
30-10-2014,16.1,26.7,8.5,0,60,3.7
31-10-2014,15.4,24.3,8,0,58,6.1
01-11-2014,13.8,22.9,7.4,0,66,5
02-11-2014,13.3,20.4,7.7,0,75,6.9
03-11-2014,11.9,16.5,9,3.81,86,15.6
04-11-2014,10.2,12.9,8.9,15.24,66,19.8
05-11-2014,9.3,13.8,4,0,59,8.7
06-11-2014,9.4,15.6,3,0,66,10.2
07-11-2014,13.3,18,10,0,72,16.5
08-11-2014,11.1,15,9,1.02,72,13.1
09-11-2014,8.8,13.5,3,0.51,74,6.9
10-11-2014,6.5,12.7,0,0,72,8.5
11-11-2014,8.8,11.2,7,8.64,92,8.1
12-11-2014,11.9,15.5,9,13.72,79,19.8
13-11-2014,12.6,17,8,0,86,9.6
14-11-2014,12.5,15.5,8,1.02,84,18.3
15-11-2014,9.7,13,7,0.25,80,21.9
16-11-2014,9.6,13.3,6.8,0.51,77,19.8
17-11-2014,10.2,14.5,4,0,66,17.2
18-11-2014,5.7,12.1,0,0,85,3.7
19-11-2014,9.6,16.8,4.9,0,84,3.1
20-11-2014,12.1,21,6,0,75,6.1
21-11-2014,10.5,16.3,5,0,83,5.7
22-11-2014,12.4,19,8,0,81,6.1
23-11-2014,14.3,17,12,0,79,5.7
24-11-2014,13.5,18.7,9,2.79,79,5
25-11-2014,11.5,17.1,7,0,89,6.3
26-11-2014,10.7,13.3,7,30.73,82,8.3
27-11-2014,9.1,13,5.8,0,87,10.9
28-11-2014,9.4,11.2,8,3.3,89,14.4
29-11-2014,9,10.7,7,14.99,93,6.3
30-11-2014,11,16.1,8,1.78,89,6.1
01-12-2014,12.1,16.1,8,1.52,62,19.4
02-12-2014,10.7,14.9,8,0,61,18.3
03-12-2014,7.5,11.1,5,0,75,4.1
04-12-2014,7.1,11.7,3,0,68,5.4
05-12-2014,6.8,13.5,1,0,70,5.4
06-12-2014,5.9,10.4,2,0,64,13.1
07-12-2014,5.8,10.9,1,0,61,18
08-12-2014,3.9,12.8,-2,0,73,4.4
09-12-2014,7.1,10.5,2,0,61,20
10-12-2014,5.2,12.7,-1,0,73,5
11-12-2014,3.9,14.3,-2,0,83,3
12-12-2014,4.1,11.6,-2,0,84,6.3
13-12-2014,7.8,13.2,4,0,89,6.7
14-12-2014,7.7,9.1,7,13.46,99,6.9
15-12-2014,7.8,11.7,4,7.62,80,8.9
16-12-2014,6.7,13.3,1.7,0,79,5
17-12-2014,6.4,13.5,1,0.25,86,5.6
18-12-2014,5.8,15,0,0,86,3.5
19-12-2014,5.3,13.8,0,0,89,3.9
20-12-2014,5.3,15,-2,0,80,3.3
21-12-2014,5.4,15,-1,0,85,5.9
22-12-2014,4.8,15.5,-2,0,73,3.5
23-12-2014,3.3,13.3,-2,0,74,3.5
24-12-2014,2.7,11.7,-3,0,85,3.7
25-12-2014,4.2,13.1,-2.1,0,78,5.2
26-12-2014,4.2,13.2,-2,0,85,3.3
27-12-2014,3.9,9,-1,0,86,8.1
28-12-2014,8.2,11.2,3,0,62,23.7
29-12-2014,4.2,9.8,-1,0.51,28,15.6
30-12-2014,1.2,11.9,-6,0,46,2.4
31-12-2014,1.3,12.7,-6.4,0,44,3.5
01-01-2015,1.4,13.1,-6,0,64,4.1
02-01-2015,1.9,13.8,-6,0,66,4.4
03-01-2015,2.8,14.2,-4,0,69,3.5
04-01-2015,4.4,18,-3,0,63,3.1
05-01-2015,4.1,14.1,-2,0,71,3.5
06-01-2015,2.1,12,-3,0,81,4.1
07-01-2015,1.9,12.4,-4,0,75,4.3
08-01-2015,3.2,14.4,-4,0,69,3.9
09-01-2015,4,15.6,-3,0,72,5
10-01-2015,3.6,14.5,-4,0,71,5
11-01-2015,5.1,16.4,-2,0,72,4.1
12-01-2015,4.4,13.7,-2,0,76,5.9
13-01-2015,4.7,13.1,-2,0,77,6.7
14-01-2015,3.2,7.2,-2,0,95,3.7
15-01-2015,7.4,12.5,5,0,87,11.1
16-01-2015,6.6,9.5,2,6.6,64,20.6
17-01-2015,2.8,9.6,-3,0,67,7
18-01-2015,1.3,4.2,-1,0,92,3.9
19-01-2015,2.7,7.1,0,8.13,69,19.1
20-01-2015,1.7,7.7,-2,0,78,3.1
21-01-2015,1.8,6.9,-3,0,85,8.7
22-01-2015,2.7,8.3,-2,0.25,74,10
23-01-2015,3.6,9.8,-2,0,60,11.3
24-01-2015,3.6,12.1,-5,0,58,8.9
25-01-2015,7.9,14,2,0,46,13.5
26-01-2015,5.4,14,-3,0,49,5.2
27-01-2015,6.6,13.9,-0.7,0,59,10.6
28-01-2015,5.6,14,-2,0,68,4.8
29-01-2015,6.9,13.9,-1,0,77,15.6
30-01-2015,12.6,17.8,10,0,77,27
31-01-2015,7.8,12,3.9,3.3,61,28.9
01-02-2015,4.8,9.3,1,0,54,23.9
02-02-2015,5,6.5,3,0,76,17.8
03-02-2015,6.3,10.1,3.8,2.54,73,20.7
04-02-2015,2.2,5.4,0,3.3,58,23.7
05-02-2015,2.6,6.3,1,0,48,25.7
06-02-2015,1.8,6.4,-1.2,0,58,14.8
07-02-2015,1.1,4.1,-1,0,67,5.7
08-02-2015,1.8,10.5,-5,0,63,6.9
09-02-2015,4.2,11.6,-2,0,60,9.4
10-02-2015,4.6,9.5,0,0,71,5.4
11-02-2015,5,9,2,0,84,6.7
12-02-2015,6.3,12.8,2,0,76,5
13-02-2015,6.7,13.9,0.5,0,75,12.4
14-02-2015,9.4,13.3,7.8,0,72,19.3
15-02-2015,10.9,16.3,7.9,5.08,73,13.5
16-02-2015,9.7,15,5,0,67,8.3
17-02-2015,7.7,12.6,4.8,6.35,59,20.7
18-02-2015,6.8,12,3,0,56,10
19-02-2015,5.4,13.6,-2,0,65,3.9
20-02-2015,4.8,12.5,-2,0,69,8.7
21-02-2015,8.4,13.7,5,1.78,63,15.7
22-02-2015,7.6,15.3,0.6,0,58,7.2
23-02-2015,10.1,14.6,5,0,67,20.2
24-02-2015,7.7,12.1,2.9,0,51,20.4
25-02-2015,8.4,15.8,0.5,0,59,8.9
26-02-2015,9.9,14.5,5,0,68,6.1
27-02-2015,8.4,15,3,0,56,12.2
28-02-2015,8.6,17,0,0,59,5.9
01-03-2015,13.1,19.9,6,0,66,10.9
02-03-2015,12.6,18,8,0,80,10.2
03-03-2015,11.2,18.3,6.9,0,86,5
04-03-2015,9,15.2,3,0.25,59,16.5
05-03-2015,6.7,15.4,-0.1,0,37,9.8
06-03-2015,9,18.8,-1,0,31,6.7
07-03-2015,9.6,23.3,-1,0,41,3.7
08-03-2015,11.2,24.5,0,0,37,6.5
09-03-2015,11.7,23.2,1,0,33,5.7
10-03-2015,11.8,23.2,1,0,36,5.4
11-03-2015,11.6,22.9,1,0,43,5.2
12-03-2015,12.1,22.1,2,0,49,5.7
13-03-2015,11.1,19,3.5,0,49,12.8
14-03-2015,7.7,14.3,3,0,44,14.4
15-03-2015,5.2,9.5,0,0,55,9.3
16-03-2015,5.1,13.1,-3,0,51,5.7
17-03-2015,7.6,15.1,1,0,57,8.5
18-03-2015,6.7,9.1,3,0,76,8.9
19-03-2015,9,12.3,6,13.21,82,15
20-03-2015,10.1,12.9,8.9,1.02,72,18
21-03-2015,9.3,12.8,7,5.84,82,14.6
22-03-2015,10,13.7,8,2.29,73,13
23-03-2015,7.3,8.8,6,2.54,96,7
24-03-2015,9.4,13.5,6.8,21.34,75,16.5
25-03-2015,6.1,10,3,0,53,31.3
26-03-2015,9.6,16,2,0,56,11.5
27-03-2015,14.2,20.2,8,0,64,11.5
28-03-2015,14.5,24.5,5,0,59,5.9
29-03-2015,14.4,24.3,5,0,51,4.6
30-03-2015,16.2,26.3,7.7,0,50,6.7
31-03-2015,16.9,27.1,7,0,46,8
01-04-2015,15.2,22.8,8,0,45,8.3
02-04-2015,14.3,25.2,3.6,0,41,5.4
03-04-2015,15.6,24.3,7,0,35,5.7
04-04-2015,14.8,23,8,0,35,8.9
05-04-2015,14.2,24.1,4,0,41,6.1
06-04-2015,8.9,11,6,0,67,5.6
07-04-2015,12.3,18.4,6,0,52,11.3
08-04-2015,10.9,18.6,3.9,0,46,12.2
09-04-2015,8.1,11,6,0,72,7.2
10-04-2015,11.5,17.1,8,7.11,73,4.8
11-04-2015,13.1,22.4,6,0,67,9.1
12-04-2015,15.1,22.1,9,0,57,6.7
13-04-2015,16.6,23.3,11,0.25,46,14.8
14-04-2015,15.9,24,6,0,40,13.5
15-04-2015,14.4,19.2,11,0.51,50,8.3
16-04-2015,13.7,18,11,19.3,75,15
17-04-2015,15.1,20.4,10.9,0,63,9.8
18-04-2015,13.2,19.2,7,0,58,15.7
19-04-2015,11.7,19,3,0,57,5.9
20-04-2015,13.1,22.2,4,0,53,5.4
21-04-2015,15.8,23.4,8.8,0,47,11.1
22-04-2015,15.9,22.7,7.6,0,50,11.3
23-04-2015,16.2,24.5,6.8,0,44,8
24-04-2015,16.3,23,8,0,49,8.5
25-04-2015,15.5,20.2,11,0,60,16.7
26-04-2015,12.2,16.4,10,4.83,87,13.7
27-04-2015,13.2,17.9,8.8,12.95,59,16.7
28-04-2015,13.6,20.3,6,0,58,7.2
29-04-2015,17.2,22,12,0,49,10.7
30-04-2015,16.2,24,7,0,55,8.3
01-05-2015,18.3,24.2,12,0,59,11.7
02-05-2015,20.6,27.2,13.8,0,64,13
03-05-2015,19.7,23,16,0,53,11.7
04-05-2015,20.4,27.7,14.9,0,47,17.2
05-05-2015,16.3,21.2,11,0,51,20
06-05-2015,15.2,23.2,6,0,39,7.4
07-05-2015,18.4,29,6,0,36,8
08-05-2015,20,25.3,13.9,0,46,15.7
09-05-2015,19.7,28.7,10,0,45,4.8
10-05-2015,22.6,31.5,13,0,33,9.3
11-05-2015,23,33.1,12,0,31,7.4
12-05-2015,24.3,34,12,0,29,7
13-05-2015,25.9,37,14.8,0,27,10.7
14-05-2015,24.8,33,17.7,0,27,17.8
15-05-2015,17.2,23,11,0,36,17
16-05-2015,18.9,28.1,9,0,33,11.9
17-05-2015,21.5,30.9,11,0,30,7.4
18-05-2015,23.1,32,11.9,0,30,9.3
19-05-2015,17.5,22.6,10,0,47,16.3
20-05-2015,13.9,21.2,5.6,0,44,14.4
21-05-2015,14.9,23,7.7,0,37,13.7
22-05-2015,14.6,22.8,6,0,36,15.7
23-05-2015,16.1,23.5,9,0,41,16.3
24-05-2015,17.9,25.6,10,0,41,11.7
25-05-2015,19.8,27.3,12.9,0,40,9.1
26-05-2015,20.3,28.8,11,0,32,11.9
27-05-2015,21.1,29.5,12,0,30,10.6
28-05-2015,22.8,32,12.4,0,30,7
29-05-2015,22.4,30.5,14.6,0,35,9.6
30-05-2015,21.2,29.6,12,0,41,8.7
31-05-2015,22.7,30.9,12.9,0,34,5.9
01-06-2015,24.1,31.3,13.6,0,32,8.5
02-06-2015,25.6,32.6,15.9,0,32,7.4
03-06-2015,26.3,34.4,16.7,0,32,8.5
04-06-2015,25.4,32.2,16.4,0,23,9.3
05-06-2015,24.8,32.6,14.6,0,23,7.6
06-06-2015,25.4,34,14.8,0,26,8.3
07-06-2015,26.6,34.1,18.5,0,23,8.3
08-06-2015,26,33.2,15.3,0,21,5.9
09-06-2015,24.1,33.2,17.7,0,36,13.5
10-06-2015,20.9,27.7,16.9,1.02,63,10.6
11-06-2015,18.7,23.8,13,1.52,68,12
12-06-2015,18.9,24.2,14.9,27.69,54,15.4
13-06-2015,18.6,23.7,14.7,0,45,13.5
14-06-2015,17.6,22.5,13.6,0,46,16.9
15-06-2015,15.6,21.3,12,5.59,70,8.9
16-06-2015,18.9,26.5,11,8.38,52,7.6
17-06-2015,20.5,27.1,13,0,44,10.9
18-06-2015,22.6,30.3,14,0,37,8.7
19-06-2015,25.3,33.2,16.7,0,31,10.7
20-06-2015,25.6,34.3,14.7,0,20,8.5
21-06-2015,27.4,35.7,16.3,0,27,8.3
22-06-2015,28.5,34.5,21,0,30,11.9
23-06-2015,24.3,32.1,17.9,0,42,10.7
24-06-2015,23.4,31.5,15.5,5.84,41,5.7
25-06-2015,26,33.1,16,0,33,8
26-06-2015,27.4,35.7,17,0,27,7.6
27-06-2015,29.4,38,17.7,0,24,8.1
28-06-2015,30.7,39.3,19.3,0,21,8.5
29-06-2015,31.6,40,21.7,0,22,6.7
30-06-2015,32,40,21.4,0,21,14.1
01-07-2015,30.6,37,22,0,21,12.8
02-07-2015,28.1,34,21.8,0,27,10.6
03-07-2015,30.2,37.2,21.6,0,34,15.9
04-07-2015,30.2,38,22,0,31,9.8
05-07-2015,30.8,38,20.8,0,25,7.8
06-07-2015,32.2,41,20.9,0,22,10.6
07-07-2015,32.3,39.1,21.1,0,20,15.6
08-07-2015,30.8,39.4,20.2,0,17,11.9
09-07-2015,30.8,39.2,19.4,0,21,10
10-07-2015,30,38,18.6,0,19,14.4
11-07-2015,29.7,37.2,18.9,0,22,7.8
12-07-2015,30.4,38,19.9,0,23,8
13-07-2015,31.3,39,21.2,0,21,8.1
14-07-2015,31.9,40,22.3,0,20,6.9
15-07-2015,31.4,39.7,22.2,0,20,7.2
16-07-2015,31.1,39,20.7,0,22,8.9
17-07-2015,30.8,37.1,22.9,0,26,9.3
18-07-2015,28.9,34,21.7,0.25,33,14.8
19-07-2015,28.8,35,21.1,0,30,7.8
20-07-2015,30.4,38,20.9,0,30,8.5
21-07-2015,31.1,38,21.2,0,29,13.7
22-07-2015,29.4,35,22.8,0,38,9.3
23-07-2015,29.2,37.2,20.2,0,35,9.6
24-07-2015,28.4,36,18.6,0,29,11.3
25-07-2015,27.4,34.2,19.6,0,33,9.1
26-07-2015,29,37,19.1,0,29,10.2
27-07-2015,30.8,39,22.6,0,26,10.4
28-07-2015,30.3,38,18.8,0,25,9.1
29-07-2015,29.8,38,19.8,0,23,10.2
30-07-2015,27.9,35.3,21.5,0,38,10
31-07-2015,25.8,32,19.8,0,45,14.1
01-08-2015,24.7,32.3,17,0,41,8.1
02-08-2015,28.1,36,20.8,0,39,7.6
03-08-2015,29.5,37.3,20.4,0,35,10.4
04-08-2015,30.6,36,23.7,0,26,10.9
05-08-2015,28.9,37,17.9,0,22,12.4
06-08-2015,28.7,38.3,15.8,0,15,12
07-08-2015,29.1,37,17.9,0,19,15.2
08-08-2015,28.5,35,20,0,34,16.1
09-08-2015,24.8,34,15.8,0,33,9.6
10-08-2015,27.6,37,17,0,29,8.3
11-08-2015,29.5,34.3,21,0,28,13.1
12-08-2015,27.2,34.1,18,0,23,10.9
13-08-2015,24,28,19.1,0,36,19.4
14-08-2015,21.9,27.6,15,0,39,7
15-08-2015,23.1,27.5,18.6,0,34,7.8
16-08-2015,25.7,30.6,18,0,35,10.6
17-08-2015,26.6,32,20.3,0,37,9.6
18-08-2015,25.4,32.5,18.3,0,39,10.2
19-08-2015,25.4,33,18.4,0,38,8.1
20-08-2015,27.8,36,19,0,31,6.9
21-08-2015,27.1,35,20.8,0,40,11.9
22-08-2015,25.3,32.4,17.9,2.03,48,16.1
23-08-2015,22.8,27,19,0,42,25
24-08-2015,20.9,25,15.2,0,40,18.7
25-08-2015,21.7,30.2,11.9,0,34,5.6
26-08-2015,24.9,33.1,15.8,0,35,9.4
27-08-2015,25.1,33,15.2,0,31,11.7
28-08-2015,25.7,35,15.1,0,31,5.7
29-08-2015,28.8,36.2,19,0,32,11.3
30-08-2015,26.3,36,20.8,8.89,45,10.6
31-08-2015,22.9,29,17.5,0.51,66,8.1
01-09-2015,23.6,31,15.7,0,50,7.2
02-09-2015,24.9,31,17.8,0,47,10.4
03-09-2015,22.7,27.5,17,0,38,10.4
04-09-2015,21,27.2,16,0,46,11.1
05-09-2015,20.1,27.6,12.7,0,41,8.3
06-09-2015,21.7,28.2,15,0,43,6.1
07-09-2015,21.3,27.4,15.8,0,46,8.5
08-09-2015,21.1,29.3,12.6,0,41,7.6
09-09-2015,21.6,30,11.3,0,32,10.6
10-09-2015,23.7,29,16,0,36,10.6
11-09-2015,23.3,30.6,13.3,0,35,10.4
12-09-2015,23.5,29,18.4,0,35,12
13-09-2015,21.6,25.6,18,0,38,24.4
14-09-2015,19.7,25,14.7,0,49,15.6
15-09-2015,17.6,21.2,14,0,51,15
16-09-2015,18.7,23.3,15.9,7.11,71,26.3
17-09-2015,15.9,21.4,11.2,15.24,51,12
18-09-2015,16,25,7.9,0,48,6.1
19-09-2015,18.1,27,9,0,44,4.3
20-09-2015,19.4,29,9,0,42,6.3
21-09-2015,20.9,30,11,0,35,7.8
22-09-2015,20.4,30.1,9.7,0,33,9.1
23-09-2015,19,25.3,11.8,0,42,9.8
24-09-2015,19.9,29.5,10.8,0,35,7.4
25-09-2015,21.4,30.4,10,0,24,6.3
26-09-2015,20.8,29.6,11.5,0,28,6.9
27-09-2015,21.2,29.1,14,0,36,8
28-09-2015,18.4,26.1,10.4,0,47,5.6
29-09-2015,18.1,25,10.7,0,52,6.5
30-09-2015,18.4,24.4,14,0,55,8
01-10-2015,18.4,26,9,0,40,11.7
02-10-2015,19.6,26,10,0,35,13.3
03-10-2015,19.8,26,15,0,42,9.8
04-10-2015,18.7,22.3,14,1.02,63,9.8
05-10-2015,20.8,25,16.7,2.54,67,22.2
06-10-2015,18.2,22,14.5,19.81,69,22.2
07-10-2015,15.9,22,11,0,62,5
08-10-2015,15.6,23,9.5,0,55,6.5
09-10-2015,14.9,23.1,7.7,0,58,5.2
10-10-2015,15.7,23.4,7.7,0,61,6.9
11-10-2015,17.2,21.6,14,1.78,75,9.1
12-10-2015,17.9,23.4,14,0,73,7
13-10-2015,13.3,16,10,0,81,7.6
14-10-2015,11.6,19.1,5,1.52,65,5.9
15-10-2015,11.8,21.2,3.5,0,51,4.8
16-10-2015,12.4,22.8,3.7,0,56,4.4
17-10-2015,15.5,22.3,9,0,75,6.7
18-10-2015,15.9,19,13,9.91,93,4.4
19-10-2015,16.6,21,14,17.02,84,7.6
20-10-2015,15.7,20.5,10.9,0,61,8.1
21-10-2015,12.1,19.1,5,0,60,4.6
22-10-2015,12.5,21.1,4,0,61,4.1
23-10-2015,13.7,20,7.8,0,70,4.1
24-10-2015,15.2,21,9.8,0,70,3.3
25-10-2015,15.9,21.7,10,0,67,7.2
26-10-2015,15.2,19,13,0,81,6.7
27-10-2015,14.4,16.7,10.8,0.51,72,19.3
28-10-2015,12.8,17.1,9.8,3.3,76,20
29-10-2015,14.1,17,11.7,0,80,7.6
30-10-2015,14.9,22.5,8,0,75,4.3
31-10-2015,15.8,20.7,11.8,0,75,6.9
01-11-2015,16.4,20.4,12.9,0,61,9.6
02-11-2015,12.9,16,10.5,12.95,80,14.1
03-11-2015,12.3,15,9.8,15.49,86,11.9
04-11-2015,12.9,16,10.9,0.51,92,4.6
05-11-2015,14.6,18,11.7,0.25,86,5.9
06-11-2015,14.6,22,8.9,0,84,3.9
07-11-2015,15.2,23.5,8.6,0,83,4.1
08-11-2015,15.1,23.3,8.9,0,71,5.7
09-11-2015,13.4,22.1,6,0,74,4.4
10-11-2015,12.9,22.5,6,0,70,3.3
11-11-2015,11.6,22.8,4.7,0,68,3.7
12-11-2015,11.4,22.4,4,0,66,3.9
13-11-2015,11.6,22,3.9,0,67,5.9
14-11-2015,12,18.8,5.9,0,74,5.7
15-11-2015,10.5,19.6,4,0,78,3.9
16-11-2015,9.6,18.3,3,0,79,4.6
17-11-2015,9.2,18.1,2.6,0,80,4.4
18-11-2015,10.4,21.4,2,0,70,4.4
19-11-2015,11.6,21.5,4.6,0,74,4.3
20-11-2015,12.7,21,4.7,0,64,10.9
21-11-2015,11.7,16.3,3,0,54,21.3
22-11-2015,5.9,10,1,0,63,9.6
23-11-2015,5.4,11,0.5,0,58,11.3
24-11-2015,4.9,12,-1.1,0,67,3
25-11-2015,10.1,17.3,4.3,0,63,5.2
26-11-2015,10.6,17,4,0,52,14.1
27-11-2015,12.7,17.3,8,0,60,16.9
28-11-2015,8.6,17,1.9,0,66,4.8
29-11-2015,4.8,14.9,-1.6,0,64,4.3
30-11-2015,4.5,17,-3,0,57,5.7
01-12-2015,4.6,18,-4,0,51,4.8
02-12-2015,5.4,15.3,-1,0,61,4.3
03-12-2015,6.4,16.7,-1,0,70,5
04-12-2015,7.7,17.4,0.7,0,72,3.9
05-12-2015,8.9,19.1,2,0,70,4.4
06-12-2015,7.6,17.7,0,0,72,5
07-12-2015,6.7,11.3,2,0,84,5.2
08-12-2015,8.8,14,4.7,0,82,4.6
09-12-2015,8.3,16,2,0,80,6.7
10-12-2015,8.2,14.3,3,0,80,4.8
11-12-2015,9,14,4,0,75,3.1
12-12-2015,9.6,12.1,7,0,72,4.1
13-12-2015,7.5,13.4,2,0,78,5.4
14-12-2015,10.2,15.1,6.5,0.25,76,4.8
15-12-2015,10.3,16,6,0.51,82,4.3
16-12-2015,7.7,15.4,2,0,81,5.2
17-12-2015,7.4,16.1,2,0,76,3.9
18-12-2015,7.7,15,3,0,76,4.6
19-12-2015,7.3,16.3,1.4,0,73,5.2
20-12-2015,7.8,16,1,0,69,6.3
21-12-2015,7.6,15.5,2,0,78,3.7
22-12-2015,6.2,16.3,0,0,77,5
23-12-2015,6.2,15.5,0,0,77,4.1
24-12-2015,4.5,11.3,0,0,84,4.1
25-12-2015,4.4,14.2,-2,0,83,4.8
26-12-2015,3.7,12,-1,0,88,4.1
27-12-2015,5.8,15,-1,0,76,5.7
28-12-2015,7.9,15,2,0,78,9.4
29-12-2015,8.4,11.3,5,3.3,90,6.3
30-12-2015,7.9,10,6,0,88,5.4
31-12-2015,7.5,12.4,6.1,0,87,6.7
01-01-2016,10.6,15,8,0.25,87,8.3
02-01-2016,9.1,12.1,3,1.78,71,14.1
03-01-2016,6.8,13,2,0,91,12.6
04-01-2016,12.7,15,7,0,86,33.2
05-01-2016,7.9,10.1,5,3.81,58,20.6
06-01-2016,5.7,9.2,1.6,0,75,19.3
07-01-2016,12.8,15.4,6.5,0.25,82,28
08-01-2016,12.2,14,10.8,0,86,20.4
09-01-2016,10.3,12.9,8,5.59,83,18.7
10-01-2016,11.1,12.5,9.4,0,83,27.8
11-01-2016,9.9,12.1,5,11.18,75,22.4
12-01-2016,7,11.6,3,1.78,69,12.6
13-01-2016,4.1,10.7,-1,0,80,4.3
14-01-2016,4.7,8.1,1,0,93,5
15-01-2016,7,10,4,1.27,66,17.6
16-01-2016,4.6,9.1,-1,0,55,13.1
17-01-2016,1.6,7.5,-4.1,0,70,6.5
18-01-2016,6.5,12.3,1,0,70,13
19-01-2016,5,9.9,0,0,74,4.8
20-01-2016,4.8,9,-0.2,0,84,3.3
21-01-2016,5.8,9,3.7,0,91,3.7
22-01-2016,8.3,11,4.1,0,92,5
23-01-2016,11.3,18.2,8,0.76,85,4.4
24-01-2016,10.2,19.5,4,0,82,4.1
25-01-2016,9.6,17,4,0,83,5.7
26-01-2016,8.9,17,3.6,0,84,5.9
27-01-2016,8.4,10,6.1,0,94,5.9
28-01-2016,8.1,10.1,7,0,91,8.1
29-01-2016,8.2,11,6.9,2.29,85,6.3
30-01-2016,7.8,14.2,1,0,78,8.1
31-01-2016,8.6,14.8,4,0,80,3.9
01-02-2016,8.8,17.7,2,0,79,5.6
02-02-2016,7.2,14.7,2,0,88,4.6
03-02-2016,8.8,15,4.2,0,63,15.6
04-02-2016,5.8,13.5,0,0,61,6.9
05-02-2016,4.3,12.4,-1.3,0,76,5.4
06-02-2016,5.5,12.6,-1,0,80,11.3
07-02-2016,7.9,11.2,5,11.43,60,25
08-02-2016,9.3,14,6,0,78,18.9
09-02-2016,11.3,13.2,9.6,0,80,29.1
10-02-2016,12.4,15.3,9,0,78,27.6
11-02-2016,13.4,17,11,0,72,23.2
12-02-2016,12.2,14.1,9.7,1.52,86,29.4
13-02-2016,13.6,15,12.8,5.84,88,29.8
14-02-2016,8.4,13,4.8,3.56,64,23.9
15-02-2016,5.4,10.6,2,0.76,60,21.7
16-02-2016,3.8,9,-1,0,51,20.9
17-02-2016,2.4,10,-6,0,61,11.5
18-02-2016,5.6,10,3,1.02,78,9.8
19-02-2016,5.2,12.8,-1,0,51,9.4
20-02-2016,5.3,15.3,-2.2,0,54,5.6
21-02-2016,6.6,15.2,-1,0,54,6.9
22-02-2016,8.3,16.2,0.8,0,58,6.9
23-02-2016,8.3,16.4,0,0,65,6.1
24-02-2016,6.1,12,0.7,0,80,10
25-02-2016,8.8,13.8,2,1.78,64,11.1
26-02-2016,6.4,9,4,0,83,17.8
27-02-2016,5.7,9.2,3.8,6.35,59,26.1
28-02-2016,7.2,10.2,4,0,61,21.3
29-02-2016,7.9,12.4,4,0,47,25.6
01-03-2016,7.6,17.9,-1,0,42,5.2
02-03-2016,9.3,19,-1,0,56,13.3
03-03-2016,9.2,16.5,2,0,57,5
04-03-2016,8.3,16.3,0,0,67,18
05-03-2016,6.9,11.4,4,2.29,56,23.2
06-03-2016,6.6,11.5,-0.2,0,55,11.5
07-03-2016,7.4,11.9,4,1.52,60,22.6
08-03-2016,6.9,12,3,2.79,51,20.2
09-03-2016,5.3,15,-1,0,67,13.9
10-03-2016,7,11.9,3,0,52,24.6
11-03-2016,8.1,14.7,2,0,48,15.7
12-03-2016,6.4,14.7,-2,0,54,5.4
13-03-2016,8,16.8,-1,0,44,7
14-03-2016,7.2,14,1,0,41,8.7
15-03-2016,7.2,16,-2,0,51,6.7
16-03-2016,7.6,16.6,-2,0,49,6.5
17-03-2016,9.2,16.7,1,0,51,7.4
18-03-2016,8.4,15.6,0,0,61,10.4
19-03-2016,9.8,13.3,6,16.76,78,14.3
20-03-2016,8.3,14.3,2.8,1.02,75,7.6
21-03-2016,9.1,15.4,5.6,0.51,78,6.3
22-03-2016,10,15.4,6,31.24,68,8.9
23-03-2016,8.4,15,2,0,59,11.7
24-03-2016,9.9,20,0,0,50,5.2
25-03-2016,10.2,18,1,0,59,5.2
26-03-2016,10.3,16.7,3,0,75,13.5
27-03-2016,12.1,16.1,8.8,0.51,51,18
28-03-2016,11.1,14.1,9.5,0,66,15.6
29-03-2016,13.6,19.1,8.8,0,63,13.5
30-03-2016,13.9,23,4.8,0,53,10.6
31-03-2016,9.2,13.2,5,0.76,58,26.9
01-04-2016,8.2,14.4,2.4,0,47,14.3
02-04-2016,9.3,17,-1,0,46,8.9
03-04-2016,10.8,15.2,7.9,0,60,15.6
04-04-2016,8.4,11,6,7.11,92,7.4
05-04-2016,10.9,16.7,7,17.78,62,22.2
06-04-2016,11.9,20.6,3.3,0,51,9.3
07-04-2016,12.3,21.1,3.8,0,53,7.8
08-04-2016,9.4,14.2,4,0,45,18.9
09-04-2016,10.9,18.4,1.5,0,50,10.7
10-04-2016,10.4,14.5,7,0,69,21.3
11-04-2016,8.9,14.3,4.8,1.52,76,15.7
12-04-2016,9.8,13.9,7,6.1,85,13.9
13-04-2016,11.5,16.2,7.7,8.38,66,15.2
14-04-2016,13.3,20,7,0,64,10
15-04-2016,13.3,20,5.3,0,66,12.8
16-04-2016,12.9,15.6,10,1.52,86,17.2
17-04-2016,12.6,17.2,7,12.45,59,13.5
18-04-2016,13.7,22.4,3.8,0,60,6.7
19-04-2016,12.4,14.2,11,0,84,7.4
20-04-2016,10.9,13.3,8.9,30.23,89,7.2
21-04-2016,12.9,18,8.5,2.54,66,11.1
22-04-2016,12,17.4,9,1.27,81,6.1
23-04-2016,11.9,19,7,3.3,79,8.7
24-04-2016,12.3,18.8,5.5,0,60,10.9
25-04-2016,12.6,20.3,3,0,48,6.1
26-04-2016,14.6,22.5,4.5,0,51,9.1
27-04-2016,14.6,22,7.9,0,57,8.5
28-04-2016,13.9,18.7,10.6,1.02,66,8.3
29-04-2016,13.8,20,9.8,1.27,68,6.5
30-04-2016,13.2,18.6,8,24.89,56,13.5
01-05-2016,10.9,18,3.6,0,42,14.8
02-05-2016,13.5,24,2.6,0,36,5.6
03-05-2016,17.4,26.9,6.3,0,36,5.2
04-05-2016,18.1,27.5,8,0,40,5.6
05-05-2016,15.6,20.6,11,0,52,8.5
06-05-2016,13.4,17,10,1.52,81,11.9
07-05-2016,14.2,17.4,11.4,18.8,74,13.9
08-05-2016,12.1,13.3,10,6.6,90,14.8
09-05-2016,11.7,14.5,8,14.48,86,11.9
10-05-2016,11.3,17,6.8,8.64,85,11.3
11-05-2016,11.3,16.3,6,6.35,77,8.3
12-05-2016,12.4,16.9,9,5.08,71,17.2
13-05-2016,12.9,18,9,0,69,8.9
14-05-2016,13.9,20,6.8,1.52,66,6.3
15-05-2016,16.7,22.2,12,0,60,6.7
16-05-2016,16.2,24,7.9,0,51,5.2
17-05-2016,17.6,24.4,9,0,50,5
18-05-2016,18.8,26,10,0,52,10.9
19-05-2016,19.2,25.7,12,0,48,9.6
20-05-2016,20.1,28,10.4,0,50,4.8
21-05-2016,20.8,29,12,0,56,10
22-05-2016,19.4,23,12,0,44,21.9
23-05-2016,15.4,22.8,7,0,45,5
24-05-2016,18.6,26,11,0,51,10.7
25-05-2016,17.9,21,14.8,0,56,11.7
26-05-2016,18.8,25,12.3,0,51,7.8
27-05-2016,18.8,25.9,10,0,50,11.1
28-05-2016,15.4,22,10,0,65,14.1
29-05-2016,15.2,20,12,5.59,70,17
30-05-2016,15.9,22,9.9,2.29,56,8.3
31-05-2016,17,24,8,0,49,10
01-06-2016,17.9,26.2,8.7,0,40,7.8
02-06-2016,19.7,28,7.7,0,32,4.8
03-06-2016,21.7,30,12.2,0,39,8.7
04-06-2016,21.3,28,15,0,48,7.4
05-06-2016,21.7,29,11.8,0,43,7.2
06-06-2016,22.2,30,12.1,0,40,8.9
07-06-2016,24.3,33,12.7,0,36,7
08-06-2016,25.7,35,13.5,0,33,7.6
09-06-2016,27.6,36,16.8,0,32,9.3
10-06-2016,25.7,32,18.8,0,39,9.4
11-06-2016,24.6,31,16.5,0,40,11.1
12-06-2016,24.8,32,13.9,0,36,10.7
13-06-2016,26.4,32,19.8,0,40,25.2
14-06-2016,23.2,30,14.6,0,39,17.8
15-06-2016,18.6,23,14.1,0,51,21.5
16-06-2016,16.2,21.7,12.2,0.25,48,19.6
17-06-2016,17.7,23.8,9.5,0,44,11.3
18-06-2016,18.8,23.9,12.6,0,40,12.8
19-06-2016,19.4,28.1,9,0,37,10.6
20-06-2016,24.4,33,13.5,0,36,6.5
21-06-2016,26.7,34.2,16.1,0,31,9.1
22-06-2016,27.7,35,16.3,0,21,14.3
23-06-2016,26.9,34,16.8,0,27,12.2
24-06-2016,26.6,35.3,14.9,0,27,12.8
25-06-2016,26.4,34,18,0,32,10.2
26-06-2016,24.8,33,16.4,0,38,9.4
27-06-2016,26.6,35,16.3,0,33,5.7
28-06-2016,27.7,37,17.9,0,33,10.2
29-06-2016,28.6,35.6,18.9,0,33,12.2
30-06-2016,27.4,34.3,17.1,0,31,10.9
01-07-2016,28,35,17.8,0,28,9.8
02-07-2016,28.5,36,18,0,27,7.2
03-07-2016,29,37.4,19.7,0,32,8
04-07-2016,27.4,35,20.1,0,39,11.3
05-07-2016,27.4,35.8,18.4,0.25,39,8.9
06-07-2016,27,36,17.6,4.83,49,8.7
07-07-2016,25.6,33,20.1,2.03,49,11.9
08-07-2016,27.9,35,19.2,0,40,7.2
09-07-2016,29.2,37,19.1,0,36,5.4
10-07-2016,31.2,39,21.2,0,31,8.7
11-07-2016,31.3,37.5,22.5,0,26,12.4
12-07-2016,27.3,34.3,19.2,0,29,11.1
13-07-2016,22.9,30,15.2,0,35,15.2
14-07-2016,22.1,31.4,12.5,0,25,14.1
15-07-2016,22.6,32,13,0,25,8.9
16-07-2016,26.7,35,15.9,0,27,5.4
17-07-2016,28.8,37,17.3,0,26,6.3
18-07-2016,30.1,38,18.3,0,21,11.5
19-07-2016,30.2,39,19.1,0,25,9.4
20-07-2016,30.9,38,25,0,29,16.1
21-07-2016,28.1,36,16.5,0,24,10.7
22-07-2016,26.9,33.2,17.6,0,30,10
23-07-2016,24.7,32,16.3,0,37,13.3
24-07-2016,26.3,34.1,17.1,0,34,6.9
25-07-2016,28.7,37,17.9,0,26,6.7
26-07-2016,30.3,38.2,19.2,0,25,6.9
27-07-2016,31.3,39,23.1,0,28,9.8
28-07-2016,30.6,38,21.5,0,27,6.7
29-07-2016,31.6,40,21.3,0,23,11.3
30-07-2016,30.5,36.1,23.4,0,24,15.7
31-07-2016,27.9,35,18,0,25,12
01-08-2016,27.7,35,19.1,0,33,7.6
02-08-2016,29.3,37.1,19.3,0,26,6.9
03-08-2016,30,38,18.4,0,22,8.1
04-08-2016,29.3,37,19.6,0,26,13
05-08-2016,27.4,34,20.1,0,34,11.7
06-08-2016,27.7,36,16.6,0,19,8
07-08-2016,28.5,36.3,18.8,0,25,6.9
08-08-2016,28.3,36,17.8,0,26,5.4
09-08-2016,26.6,35.2,18.7,0,31,11.5
10-08-2016,22.9,30,16.5,0,39,14.6
11-08-2016,23.4,31.2,15.1,0,20,9.4
12-08-2016,25.3,34,15.3,0,31,6.1
13-08-2016,26.5,34.2,16.1,0,31,5.6
14-08-2016,27.3,35,16.8,0,27,8.9
15-08-2016,27.7,35,17.3,0,32,9.4
16-08-2016,27.9,34,19.5,0,31,10.2
17-08-2016,27.2,34,17.3,0,25,10
18-08-2016,27.3,34,17.5,0,30,7.4
19-08-2016,27.7,35,16.9,0,32,12.2
20-08-2016,28.2,33.4,22,0,35,11.1
21-08-2016,25.4,33.3,17.1,0,38,8.1
22-08-2016,27.6,35.5,17.1,0,33,5.6
23-08-2016,28.8,37,19.8,0,33,6.5
24-08-2016,27.9,35,18,0,26,8.7
25-08-2016,27,35,16,0,22,8.9
26-08-2016,27.2,34,17.6,0,31,6.7
27-08-2016,28.7,36,19.4,0,32,10.4
28-08-2016,28.8,36,19,0,28,8.9
29-08-2016,28.2,35,20,0,32,9.8
30-08-2016,25.1,34,17.2,0,37,8.9
31-08-2016,26.6,34,18.3,0,37,5.7
01-09-2016,27.4,35,19.6,0,37,6.5
02-09-2016,27.1,35,17.5,0,36,5.7
03-09-2016,27.8,37,17.3,0,30,7
04-09-2016,28.9,38,17.2,0,27,9.1
05-09-2016,30.1,39,18.7,0,24,6.5
06-09-2016,30.4,40,19,0,20,7.2
07-09-2016,30.4,40,18.9,0,20,11.5
08-09-2016,26.4,34,15.8,0,27,9.4
09-09-2016,25.4,31.1,17.8,0,36,8.5
10-09-2016,26.1,33,17.5,0,33,7.4
11-09-2016,25.3,33,17.2,0,34,6.7
12-09-2016,25.9,34.1,17.2,0,34,11.1
13-09-2016,21.2,26,13.7,0,61,18
14-09-2016,15.4,20,11.8,5.84,56,11.3
15-09-2016,16.4,20.4,9.8,0,48,13
16-09-2016,18.7,25.3,10.9,0,52,9.6
17-09-2016,17.7,24.3,11.4,0,55,8.7
18-09-2016,18.1,25,10.6,0,43,5.7
19-09-2016,18.4,26.2,10,0,43,5.9
20-09-2016,20.5,28,12.6,0,37,5
21-09-2016,20.5,29,10.3,0,34,7.8
22-09-2016,19.8,28.3,9,0,33,6.9
23-09-2016,19.9,28,11.3,0,35,5.6
24-09-2016,20.1,28,11.2,0,38,6.7
25-09-2016,20.3,28,12.5,0,40,5.4
26-09-2016,21.8,27.2,15.8,0,43,7
27-09-2016,21.9,29,12.8,0,37,8.3
28-09-2016,21,26,15,0,48,7.8
29-09-2016,18.9,26,10,0,49,5.2
30-09-2016,19.1,27,10.7,0,41,6.3
01-10-2016,20.6,28,11.4,0,36,10.4
02-10-2016,19.3,27,10.7,0,42,7
03-10-2016,19.6,29,10,0,42,6.7
04-10-2016,19.9,29,11.2,0,40,5.2
05-10-2016,19.9,29,10.7,0,44,4.4
06-10-2016,20.9,29,13.6,0,30,8
07-10-2016,17.8,28,8,0,33,7.6
08-10-2016,17.8,28,8.1,0,46,5
09-10-2016,18.4,27,9.8,0,41,3.5
10-10-2016,17.3,25.2,8.5,0,41,6.3
11-10-2016,15.6,25,4.5,0,39,10.6
12-10-2016,12.9,15,11,0.76,83,4.4
13-10-2016,13.7,16,12,14.48,82,10.6
14-10-2016,14.7,19,10.6,1.02,71,8
15-10-2016,12.6,19.2,6,0,68,5.7
16-10-2016,14,21,6,0,67,4.4
17-10-2016,15.7,19,12.7,0,78,5.6
18-10-2016,16.4,21,13,4.32,81,4.3
19-10-2016,16.9,20,14.7,0,86,3.3
20-10-2016,15.9,19,13.5,5.33,86,3.7
21-10-2016,14.9,20,9.2,0.51,81,3.9
22-10-2016,15,17,12.7,0,91,7
23-10-2016,14.2,16,11.5,10.92,90,15.7
24-10-2016,13.1,16,11,11.68,88,8.7
25-10-2016,16.1,21,12,0.25,81,8.3
26-10-2016,17.9,25,12.2,0.25,76,4.6
27-10-2016,18.1,25,11.7,0,71,5.4
28-10-2016,16.9,24,11.7,0,81,4.4
29-10-2016,15.6,24,9.1,0,67,3.7
30-10-2016,13.5,26,4.2,0,50,5
31-10-2016,12.4,24,3,0,53,4.4
01-11-2016,11.7,19,4.5,0,68,4.8
02-11-2016,14.1,22,7,0,69,4.4
03-11-2016,13.3,21,6.7,0,71,4.6
04-11-2016,12.8,15,9.2,5.08,92,6.7
05-11-2016,13,15,8,10.67,88,16.1
06-11-2016,9.2,13,4.2,12.19,62,9.8
07-11-2016,6.2,10,2,0,67,6.9
08-11-2016,7.7,13,1,0,56,10.4
09-11-2016,10.4,16,6.5,0,66,17.6
10-11-2016,7.2,14,0.5,0,69,3.9
11-11-2016,7.4,13.5,0.3,0,66,5.2
12-11-2016,7.7,14,0.7,0,77,4.3
13-11-2016,11.8,19,5,0,70,7.2
14-11-2016,9.6,16,2.6,0,59,9.1
15-11-2016,8,17,0.7,0,57,8.1
16-11-2016,7.4,17,0,0,62,4.8
17-11-2016,9.3,18.2,1.6,0,70,4.6
18-11-2016,7.4,13,2,0,87,3.9
19-11-2016,7.1,13,0.6,0,80,5.6
20-11-2016,9,12,7,2.54,93,10.2
21-11-2016,11.1,13,7,16.76,80,18.7
22-11-2016,7.1,9,4.9,0.25,90,4.4
23-11-2016,6.7,9,3.6,1.27,86,5.7
24-11-2016,5.5,8.5,2.6,6.6,84,8
25-11-2016,4.7,6.2,2,10.41,93,6.1
26-11-2016,7.8,11,5.3,10.67,97,5.9
27-11-2016,9.8,12,8,11.18,88,6.1
28-11-2016,9.6,14,4,9.14,75,8.5
29-11-2016,8.2,13,3.7,0,84,5.2
30-11-2016,11.1,15,7.8,0.25,78,8.3
01-12-2016,10.3,11,8.5,0,77,3.7
02-12-2016,9.4,14.2,5,0,82,3.1
03-12-2016,7.5,13,3,0,89,5
04-12-2016,10.6,12,9.7,7.87,93,8
05-12-2016,11.7,14,8,10.16,80,8.3
06-12-2016,8.9,15,4.8,0,84,5
07-12-2016,7.3,14.5,2,0,90,3.5
08-12-2016,7.4,14,3.4,0,86,3.7
09-12-2016,7.4,14,2.5,0,88,4.6
10-12-2016,10.5,15,5.8,0,82,5
11-12-2016,6.9,15,1.2,0,85,3.9
12-12-2016,5.2,9,3.5,0,99,4.1
13-12-2016,5.1,10.6,1.7,0,95,2.2
14-12-2016,7.4,10,4,0,88,3.5
15-12-2016,8.7,11,7,4.83,88,5.9
16-12-2016,8.2,10,7,1.27,90,7.6
17-12-2016,10.3,13,8.1,3.81,71,19.6
18-12-2016,7.8,12,4,0,66,17
19-12-2016,6.3,11,1,0,65,11.7
20-12-2016,3.9,11,-2,0,75,3.7
21-12-2016,6.9,13,0.9,0,71,7.2
22-12-2016,5.6,13,0.7,0,80,3.5
23-12-2016,6,14,0.5,0,85,5
24-12-2016,6.2,15,-0.2,0,78,6.1
25-12-2016,5.1,13.5,1,0,87,3.5
26-12-2016,4.6,15,-2,0,74,3.9
27-12-2016,5.9,17,-1,0,64,3.7
28-12-2016,5.9,17,-0.2,0,67,4.4
29-12-2016,3,12,-3,0,72,4.1
30-12-2016,1.8,12.2,-5.2,0,65,3.7
31-12-2016,1.9,12.6,-4.5,0,66,5.8
